name,wmc,dit,noc,cbo,rfc,lcom,ca,ce,npm,lcom3,loc,dam,moa,mfa,cam,ic,cbm,amc,max_cc,avg_cc,bug
org.apache.xpath.res.XPATHErrorResources_sv,3,4,0,1,4,1,0,1,2,1.428571429,1872,0,0,0.976190476,1,0,0,618.3333333,1,0.3333,1
org.apache.xalan.xsltc.compiler.TransletOutput,5,3,0,20,33,0,0,20,4,0.5,176,1,1,0.933333333,0.333333333,2,7,33.8,6,1.8,0
org.apache.xalan.lib.Extensions,13,1,0,11,54,76,1,10,9,0.875,371,0.5,1,0,0.208333333,0,0,27.23076923,5,1.9231,1
org.apache.xml.serializer.ToHTMLStream,28,3,0,12,104,222,1,11,17,0.855967078,2480,0.888888889,5,0.866666667,0.196296296,2,26,87.25,3,1.1429,4
org.apache.xpath.functions.FuncConcat,4,7,0,7,13,6,0,7,3,2,81,0,0,0.96,0.5,3,8,19.25,1,0.75,1
org.apache.xpath.patterns.StepPattern,31,3,2,22,78,239,11,13,26,0.733333333,1095,0.4,2,0.641975309,0.180107527,2,9,34.16129032,17,3.0645,1
org.apache.xalan.transformer.TransformSnapshot,0,1,0,2,0,0,2,0,0,2,0,0,0,0,0,0,0,0,0,0,0
org.apache.xpath.functions.FunctionDef1Arg,8,4,9,18,21,8,9,9,4,2,110,0,0,0.872727273,0.5,2,5,12.75,2,1.125,1
org.apache.xalan.res.XSLTErrorResources_zh_CN,3,4,0,1,4,1,0,1,2,1.423076923,3769,0,0,0.976190476,1,0,0,1251,1,0.3333,0
org.apache.xalan.templates.Stylesheet,74,3,2,47,119,2539,37,17,70,0.966051221,1136,0.913043478,4,0.728624535,0.073443008,3,19,14.04054054,16,1.8378,2
org.apache.xalan.xsltc.dom.LoadDocument,6,1,0,17,51,15,0,17,3,1.2,368,1,0,0,0.5,0,0,60.16666667,1,0.8333,4
org.apache.xalan.xsltc.compiler.AttributeValue,2,3,2,10,8,1,7,5,1,2,44,0,0,0.986111111,0.5,0,0,21,3,1.5,0
org.apache.xalan.xsltc.dom.FilteredStepIterator,2,3,0,3,6,0,0,3,2,0,28,1,1,0.952380952,0.666666667,1,2,12.5,3,1.5,0
org.apache.xalan.xsltc.compiler.NamespaceAlias,4,3,0,8,8,6,1,7,3,1,30,1,0,0.952380952,0.4,2,4,6,1,0.75,0
org.apache.xml.serializer.ToTextSAXHandler,41,3,0,3,56,814,2,1,41,2,161,0,0,0.74,0.153846154,2,6,2.926829268,1,0.9512,0
org.apache.xalan.templates.ElemLiteralResult,32,4,2,17,84,354,6,12,28,0.88172043,656,1,2,0.86695279,0.180555556,3,19,19.21875,10,1.8438,3
org.apache.xml.utils.SAXSourceLocator,8,2,0,17,29,0,17,0,8,0.285714286,119,0,0,0.666666667,0.34375,0,0,13.75,2,1,0
org.apache.xalan.xsltc.compiler.FunctionAvailableCall,7,4,0,19,38,7,0,19,5,0.458333333,275,1,1,0.941176471,0.285714286,3,13,37.71428571,12,3.2857,0
org.apache.xalan.templates.DecimalFormatProperties,25,3,0,6,49,0,4,3,25,0.520833333,161,0.5,1,0.890909091,0.253333333,1,1,5.36,2,1,2
org.apache.xalan.transformer.TransformSnapshotImpl,2,1,0,13,31,0,1,13,0,0.142857143,217,0.928571429,9,0,1,0,0,100.5,3,1.5,0
org.apache.xpath.compiler.OpMapVector,4,1,0,2,6,0,2,0,4,0.416666667,87,1,0,0,1,0,0,19.75,2,1,1
org.apache.xml.utils.DefaultErrorHandler,13,1,1,13,35,58,10,3,13,0.666666667,260,0,0,0,0.307692308,0,0,18.92307692,11,2,1
org.apache.xml.utils.UnImplNode,107,1,1,2,117,5671,1,1,107,2,648,0,0,0,0.191069574,0,0,5.056074766,1,0.9907,1
org.apache.xml.res.XMLErrorResources_ko,3,4,0,1,4,1,0,1,2,1.3,875,0,0,0.976190476,1,0,0,289,1,0.3333,0
org.apache.xpath.XPathFactory,1,1,0,5,1,0,3,2,1,2,1,0,0,0,1,0,0,0,1,1,1
org.apache.xml.dtm.ref.ExtendedType,9,1,0,8,12,0,8,0,7,0.40625,117,1,0,0,0.5,1,2,11.55555556,4,1.1111,0
org.apache.xml.utils.res.XResourceBundle,5,3,18,19,16,8,19,0,3,1.223684211,424,0,0,0.926829268,0.416666667,0,0,80,3,1,1
org.apache.xalan.xsltc.compiler.WithParam,6,3,0,21,39,0,0,21,5,0.4,201,1,2,0.918032787,0.361111111,1,7,32.16666667,3,1.6667,2
org.apache.xalan.lib.PipeDocument,3,1,0,10,46,3,0,10,3,2,257,0,0,0,0.466666667,0,0,84.66666667,1,0.6667,1
org.apache.xalan.xsltc.compiler.Variable,6,4,0,34,48,1,10,28,5,2,282,0,0,0.938271605,0.4,2,13,46,8,3.6667,1
org.apache.xalan.xpath.xml.TreeWalker,3,1,0,2,6,0,0,2,3,0,24,0,1,0,0.666666667,0,0,6.666666667,1,0.6667,0
org.apache.xalan.xsltc.compiler.SyntaxTreeNode,55,1,5,97,116,1101,74,43,10,0.912037037,1105,1,6,0,0.149691358,0,0,18.87272727,18,2.1818,0
org.apache.xalan.xsltc.compiler.util.RealType,28,3,0,42,61,370,13,34,26,1,533,0,0,0.564516129,0.181547619,1,3,18,10,1.8214,0
org.apache.xpath.operations.Or,3,3,0,6,7,1,1,5,3,2,42,0,0,0.953488372,0.833333333,1,6,13,1,0.6667,0
org.apache.xalan.xsltc.TransletException,3,4,0,13,5,3,13,0,3,2,16,0,0,1,0.555555556,0,0,4.333333333,0,0,0
org.apache.xalan.xsltc.runtime.Hashtable,15,1,0,13,26,1,12,2,14,0.553571429,477,1,1,0,0.383333333,0,0,30.53333333,6,2.4667,0
org.apache.xml.utils.DOM2Helper,11,2,1,10,29,53,7,3,11,0.8,125,1,0,0.714285714,0.327272727,1,5,10.27272727,4,1.4545,1
org.apache.xalan.processor.ProcessorKey,3,4,0,10,34,3,1,9,1,2,169,0,0,0.990566038,0.666666667,1,1,55.33333333,1,0.6667,0
org.apache.xml.res.XMLErrorResources_en,1,4,0,1,2,0,0,1,1,2,4,0,0,1,1,0,0,3,0,0,1
org.apache.xpath.objects.XRTreeFragSelectWrapper,10,4,0,9,23,23,1,8,10,0.555555556,89,0,1,0.905263158,0.28,3,22,7.8,2,1,0
org.apache.xalan.transformer.KeyRefIterator,3,7,0,15,26,0,0,15,2,0,171,0.75,3,0.985185185,0.444444444,3,4,54.66666667,6,3,1
org.apache.xpath.compiler.Compiler,45,2,0,60,112,932,23,41,15,0.568181818,1178,0.6,1,0.328125,0.175925926,1,1,25.06666667,12,1.2222,2
org.apache.xalan.xsltc.util.IntegerArray,24,1,0,4,30,0,4,0,21,0.543478261,481,1,0,0,0.316666667,0,0,18.875,8,1.6667,1
org.apache.xml.res.XMLErrorResources_es,3,4,0,1,4,1,0,1,2,1.3,875,0,0,0.976190476,1,0,0,289,1,0.3333,0
org.apache.xml.utils.synthetic.Class,65,1,0,7,135,508,6,4,59,0.7375,2297,0.85,12,0,0.1515625,0,0,34.03076923,18,1.8462,1
org.apache.xalan.xpath.xml.FormatterToDOM,4,2,0,2,6,6,0,2,4,1,26,0,1,0.966666667,0.5625,0,0,5.25,1,0.25,0
org.apache.xalan.processor.ProcessorExsltFunction,6,5,0,26,27,15,1,25,4,2,226,0,0,0.97706422,0.533333333,2,4,36.66666667,6,1.6667,2
org.apache.xalan.templates.ElemChoose,6,3,0,9,26,15,0,9,6,2,160,0,0,0.975124378,0.444444444,2,6,25.66666667,4,1.3333,1
org.apache.xalan.xsltc.CollatorFactory,2,1,0,2,2,1,2,0,2,2,2,0,0,0,0.666666667,0,0,0,1,1,0
org.apache.xalan.xsltc.compiler.ParameterRef,3,4,0,18,31,1,1,17,3,2,152,0,0,0.974358974,0.5,2,3,49.66666667,8,3,2
org.apache.xalan.xsltc.compiler.FilterParentPath,6,3,0,24,31,0,2,22,6,0.333333333,213,1,2,0.934210526,0.305555556,2,7,34,4,1.3333,0
org.apache.xml.serializer.ToHTMLSAXHandler,41,3,0,4,66,742,2,2,40,0.95,337,1,0,0.74,0.148217636,3,14,7.195121951,3,1,0
org.apache.xml.utils.AttList,13,1,0,2,27,0,1,1,13,0.694444444,168,0,1,0,0.4,0,0,11.69230769,6,1.6923,1
org.apache.xalan.xslt.XSLTProcessorFactory,5,1,0,5,7,10,1,4,5,2,30,0,0,0,0.25,0,0,5,1,0.8,0
org.apache.xml.serializer.NamespaceMappings,9,1,0,12,32,0,12,0,8,0.6875,276,1,0,0,0.555555556,0,0,29,5,2.1111,1
org.apache.xalan.xsltc.compiler.XslElement,10,3,0,23,59,7,1,22,7,0.644444444,505,1,2,0.861538462,0.3,1,9,49,13,3.9,1
org.apache.xml.dtm.ref.IncrementalSAXSource,5,1,0,6,5,10,6,0,5,2,5,0,0,0,0.333333333,0,0,0,1,1,0
org.apache.xml.serializer.ToUnknownStream,81,2,0,10,167,0,1,9,75,0.841666667,1040,1,1,0.520958084,0.114403292,2,7,11.65432099,10,1.1728,0
org.apache.xml.utils.res.XResources_it,3,4,0,1,4,1,0,1,2,0.5,314,0,0,0.976190476,1,0,0,103.3333333,1,0.3333,1
org.apache.xml.utils.res.XResources_ko,3,4,0,1,4,1,0,1,2,0.5,487,0,0,0.976190476,1,0,0,161,1,0.3333,1
org.apache.xpath.CachedXPathAPI,12,1,0,5,23,54,0,5,12,0.454545455,139,1,1,0,0.533333333,0,0,10.5,1,0.8333,0
org.apache.xalan.xsltc.compiler.ForEach,6,3,0,28,58,3,1,28,5,0.6,332,1,2,0.918032787,0.361111111,1,7,54,9,2.6667,0
org.apache.xml.utils.StringVector,11,1,0,8,15,0,8,0,11,0.425,234,1,0,0,0.515151515,0,0,19.90909091,4,1.7273,1
org.apache.xalan.xsltc.dom.DupFilterIterator,8,2,0,6,25,0,1,5,8,0.485714286,183,1,2,0.65,0.34375,1,5,21.25,6,1.625,1
org.apache.xalan.res.XSLTErrorResources_sv,3,4,0,1,4,1,0,1,2,1.423076923,3769,0,0,0.976190476,1,0,0,1251,1,0.3333,0
org.apache.xpath.functions.FuncQname,2,5,0,5,7,1,0,5,2,2,35,0,0,0.982142857,0.75,2,7,16.5,1,0.5,1
org.apache.xpath.axes.IteratorPool,4,1,0,4,13,0,2,2,4,0.166666667,76,1,1,0,0.75,0,0,17.5,2,1,1
org.apache.xalan.xsltc.compiler.RelativeLocationPath,3,3,2,4,4,3,3,1,2,2,6,0,0,0.97260274,0.666666667,0,0,1,1,0.6667,0
org.apache.xalan.xsltc.DOMCache,1,1,0,6,1,0,4,2,1,2,1,0,0,0,1,0,0,0,1,1,1
org.apache.xpath.ExtensionsProvider,4,1,0,4,4,6,4,1,4,2,4,0,0,0,0.55,0,0,0,1,1,0
org.apache.xalan.templates.XSLTVisitable,1,1,0,4,1,0,3,1,1,2,1,0,0,0,1,0,0,0,1,1,0
org.apache.xalan.xsltc.trax.DOM2TO,22,1,0,2,49,221,1,1,20,0.964285714,341,1,1,0,0.143939394,0,0,14.31818182,2,1,2
org.apache.xalan.xpath.XNull,10,2,0,6,19,0,2,4,10,0.111111111,58,0,1,0.689655172,0.325,1,1,4.7,1,0.9,0
org.apache.xalan.trace.TraceListener,3,1,0,8,3,3,5,3,3,2,3,0,0,0,0.5,0,0,0,1,1,1
org.apache.xml.utils.res.XResources_en,3,4,0,1,4,1,0,1,2,0.5,314,0,0,0.976190476,1,0,0,103.3333333,1,0.3333,1
org.apache.xalan.xsltc.compiler.VariableRefBase,7,3,3,16,22,0,10,9,7,0.416666667,146,1,2,0.934210526,0.357142857,2,4,19.57142857,3,1.1429,0
org.apache.xalan.templates.ElemCallTemplate,13,4,1,16,49,40,2,14,13,0.638888889,352,0.666666667,3,0.946902655,0.188034188,4,11,25.84615385,2,1.1538,1
org.apache.xpath.XPathException,13,4,1,4,26,8,2,2,12,0.541666667,257,0.5,0,0.771428571,0.269230769,2,4,18.61538462,5,1.8462,1
org.apache.xml.utils.synthetic.SynthesisException,4,3,0,6,5,0,6,0,2,1.095238095,54,0,0,0.944444444,0.666666667,0,0,10.75,1,0.25,1
org.apache.xalan.xsltc.dom.Filter,1,1,0,2,1,0,2,0,1,2,1,0,0,0,1,0,0,0,1,1,0
org.apache.xalan.xsltc.dom.ForwardPositionIterator,7,2,0,3,19,0,0,3,7,0,64,1,1,0.684210526,0.428571429,1,5,8,1,0.8571,0
org.apache.xalan.xsltc.compiler.util.ClassGenerator,10,3,4,124,15,27,120,5,9,0.888888889,87,1,2,0.898734177,0.288888889,0,0,6.9,1,0.8,0
org.apache.xalan.res.XSLTErrorResources_en,1,4,0,1,2,0,0,1,1,2,4,0,0,1,1,0,0,3,0,0,1
org.apache.xalan.xsltc.util.JavaCupRedirect,3,1,0,1,15,3,0,1,3,1.5,124,1,0,0,0.333333333,0,0,40,6,2.6667,0
org.apache.xalan.xsltc.compiler.KeyPattern,1,6,0,1,2,0,0,1,1,2,6,0,0,1,1,0,0,5,0,0,0
org.apache.xpath.axes.ChildTestIterator,7,6,5,12,15,1,7,6,5,0.333333333,75,1,1,0.962406015,0.342857143,2,5,9.571428571,2,1,1
org.apache.xml.utils.res.XResourceBundleBase,3,3,0,0,4,3,0,0,3,2,6,0,0,0.95,0.833333333,0,0,1,1,0.6667,1
org.apache.xalan.templates.ElemIf,8,3,0,13,27,0,0,13,7,0.285714286,117,1,1,0.965517241,0.270833333,2,5,13.5,2,1,1
org.apache.xalan.xsltc.dom.DOMAdapter,55,1,0,12,112,0,5,7,51,0.831481481,576,1,3,0,0.214141414,0,0,9.290909091,5,1.4182,1
org.apache.xml.dtm.ref.dom2dtm.DOM2DTMdefaultNamespaceDeclarationNode,46,1,0,3,53,1009,2,1,45,0.966666667,245,0,0,0,0.190217391,0,0,4.195652174,1,0.9783,0
org.apache.xml.utils.XMLCharacterRecognizer,5,1,0,7,10,10,7,0,5,2,85,0,0,0,0.2,0,0,16,5,3,1
org.apache.xml.dtm.ref.DTMTreeWalker,10,1,1,6,41,0,3,3,7,0.333333333,437,0.666666667,1,0,0.475,0,0,42.4,1,0.8,1
org.apache.xalan.xsltc.dom.MultipleNodeCounter,4,2,1,6,19,0,1,6,4,0.333333333,164,1,1,0.823529412,0.5,1,4,39.75,11,3.25,0
org.apache.xalan.transformer.ClonerToResultTree,2,1,0,7,24,1,3,4,2,2,109,0,0,0,0.5,0,0,53.5,1,0.5,1
org.w3c.dom.xpath.XPathResult,9,1,0,0,9,36,0,0,9,1.125,19,0,0,0,0.555555556,0,0,0,1,1,0
org.apache.xml.utils.PrefixResolverDefault,5,1,1,5,17,8,4,1,5,0.75,107,0,0,0,0.6,0,0,20.2,12,3,2
org.apache.xalan.lib.ExsltStrings,11,2,0,3,38,49,0,3,10,0.6,402,1,1,0.181818182,0.275,0,0,35.36363636,6,2.5455,2
org.apache.xalan.xsltc.compiler.SourceLoader,1,1,0,6,1,0,6,1,1,2,1,0,0,0,1,0,0,0,1,1,0
org.apache.xml.utils.SuballocatedByteVector,18,1,0,0,20,3,0,0,10,0.329411765,830,1,0,0,0.685185185,0,0,44.83333333,8,3.1111,1
org.apache.xpath.operations.Lte,2,3,0,4,4,1,1,3,2,2,13,0,0,0.976190476,0.75,1,1,5.5,1,0.5,0
org.apache.xalan.templates.Constants,1,2,0,1,2,0,0,1,1,2,338,0,0,0,1,0,0,3,0,0,1
org.apache.xalan.templates.ElemFallback,5,3,0,5,12,10,2,3,5,2,39,0,0,0.98,0.7,2,4,6.8,1,0.8,2
org.apache.xpath.objects.LessThanComparator,3,2,0,3,5,3,1,2,0,2,24,0,0,0.5,0.555555556,0,0,7,2,1.3333,0
org.apache.xpath.operations.Number,3,3,0,7,8,3,2,5,3,2,23,0,0,0.952380952,0.555555556,1,1,6.666666667,1,0.6667,0
org.apache.xml.utils.URI,42,1,0,3,68,375,1,2,29,0.780487805,2044,1,0,0,0.226480836,0,0,47.38095238,33,3.1429,0
org.apache.xalan.xpath.xml.FormatterToXML,5,2,0,4,7,0,3,1,5,0,45,0,0,0.966666667,0.4,0,0,7.8,1,0.2,0
org.apache.xpath.operations.Mult,3,3,0,7,7,3,2,5,3,2,25,0,0,0.953488372,0.555555556,1,1,7.333333333,1,0.6667,0
org.apache.xml.serializer.ToStream,71,2,3,23,181,1581,4,20,43,0.878881988,2909,0.739130435,4,0.557692308,0.151020408,2,11,39.64788732,12,1.662,6
org.apache.xalan.res.XSLTErrorResources_it,4,4,0,1,11,4,0,1,2,1.282051282,3800,0,0,0.953488372,0.5,2,2,945.75,2,0.75,0
org.apache.xalan.xsltc.compiler.ValueOf,5,3,0,20,33,0,1,20,4,0.416666667,237,1,1,0.933333333,0.333333333,2,6,45.8,4,2,0
org.apache.xalan.xpath.XPathSupport,0,1,0,5,0,0,5,0,0,2,0,0,0,0,0,0,0,0,0,0,0
org.apache.xml.utils.Hashtree2Node,2,1,0,1,23,1,1,0,2,2,145,0,0,0,0.5,0,0,71.5,8,4,2
org.apache.xalan.processor.ProcessorStylesheetElement,3,4,0,9,29,3,2,9,2,2,107,0,0,0.990566038,0.666666667,1,1,34.66666667,1,0.6667,0
org.apache.xalan.transformer.TransformerIdentityImpl,43,2,0,12,140,573,1,11,41,0.755102041,1105,0.785714286,2,0.236363636,0.153100775,0,0,24.37209302,2,1.0465,4
org.apache.xml.utils.DOMHelper,26,1,1,14,86,315,9,5,23,0.884444444,1122,0.888888889,6,0,0.22,0,0,41.80769231,40,5,1
org.apache.xalan.xsltc.compiler.util.SlotAllocator,4,1,0,4,16,0,1,3,3,0.5,242,1,0,0,0.4375,0,0,58.5,6,3,0
org.apache.xalan.xpath.XBooleanStatic,2,3,0,3,5,0,0,3,2,0,18,0,1,0.964285714,0.666666667,1,1,7.5,1,0.5,0
org.apache.xpath.domapi.XPathNamespaceImpl,39,1,0,1,56,469,1,0,39,0.578947368,198,0,0,0,0.256410256,0,0,4.051282051,1,0.9744,1
org.apache.xalan.trace.TraceManager,13,1,0,38,32,0,25,14,13,0.333333333,301,1,1,0,0.211538462,0,0,22,4,1.8462,0
org.apache.xalan.xsltc.compiler.util.Util,18,1,0,44,38,151,43,1,17,0.941176471,274,0,0,0,0.235294118,0,0,14.16666667,5,1.6667,1
org.apache.xalan.xsltc.compiler.util.AttributeSetMethodGenerator,8,5,0,11,15,14,1,10,7,0.839285714,100,1,0,0.958333333,0.476190476,1,2,10.5,1,0.75,1
org.apache.xalan.xsltc.compiler.FilteredAbsoluteLocationPath,7,3,0,18,28,0,0,18,7,0,143,1,1,0.934210526,0.285714286,2,7,19.28571429,2,1.1429,0
org.apache.xpath.functions.FuncCurrent,3,3,0,10,12,3,1,9,3,2,50,0,0,0.95,0.5,1,6,15.66666667,1,0.6667,2
org.apache.xml.serializer.OutputPropertyUtils,3,1,0,3,7,3,3,0,3,2,33,0,0,0,0.555555556,0,0,10,3,1.6667,0
org.apache.xalan.processor.XSLTElementProcessor,15,3,11,20,48,101,16,6,10,0.821428571,280,1,2,0.933333333,0.348148148,0,0,17.53333333,1,0.9333,1
org.apache.xalan.templates.ElemPI,8,3,0,11,33,8,1,10,8,0.428571429,164,1,1,0.965517241,0.3,2,5,19.375,16,2.75,2
org.apache.xml.dtm.ref.DTMDefaultBaseTraversers,3,2,1,31,28,3,22,29,3,2,225,0,0,0.989130435,0.761904762,0,0,74,5,1.6667,0
org.apache.xalan.xsltc.compiler.Import,5,3,0,14,45,4,0,14,4,0.5,244,1,1,0.9375,0.36,2,5,47.6,11,2.8,2
org.apache.xml.utils.NodeVector,30,1,1,9,33,0,9,0,30,0.422413793,933,1,0,0,0.4,0,0,29.96666667,5,2.1667,1
org.apache.xml.dtm.DTMWSFilter,1,1,0,27,1,0,26,1,1,2,4,0,0,0,1,0,0,0,1,1,0
org.w3c.dom.xpath.XPathException,1,4,0,0,2,0,0,0,1,2,11,0,0,1,1,0,0,7,0,0,0
org.apache.xalan.processor.ProcessorStripSpace,2,5,0,8,14,1,1,7,1,2,50,0,0,0.995283019,0.625,2,2,24,1,0.5,0
org.apache.xalan.xsltc.compiler.XSLTC,57,1,0,24,146,1224,19,9,50,0.895408163,1289,0.828571429,3,0,0.115288221,0,0,21,16,1.7018,1
org.apache.xalan.xslt.XSLTResultTarget,21,1,0,4,41,0,3,2,21,0.59,357,1,0,0,0.261904762,0,0,15.76190476,4,1.619,0
org.apache.xml.utils.synthetic.reflection.Constructor,5,2,0,3,13,4,2,3,5,1,61,1,3,0.904761905,0.5,1,1,10,1,0.4,1
org.apache.xalan.xsltc.trax.DOM2SAX,25,1,0,3,71,254,2,1,20,0.892857143,582,1,1,0,0.152727273,0,0,22,3,1.08,0
org.apache.xml.dtm.SecuritySupport,7,1,1,2,14,19,2,1,5,0.833333333,76,1,0,0,0.375,0,0,9.714285714,2,0.8571,0
org.apache.xalan.xsltc.dom.SingletonIterator,8,2,0,4,11,0,2,2,8,0.214285714,105,1,0,0.722222222,0.5,1,6,11.875,4,1.125,0
org.apache.xpath.objects.XNumber,13,3,0,42,36,22,38,5,12,0.416666667,330,0,0,0.865853659,0.182692308,2,22,24.30769231,13,2.4615,1
org.apache.xpath.axes.RTFIterator,1,3,0,4,2,0,2,2,1,2,6,0,0,1,1,0,0,5,0,0,1
org.apache.xalan.transformer.XalanTransformState,10,1,0,8,21,0,1,8,10,0.711111111,205,0,5,0,0.4,0,0,18.5,3,1.7,0
org.apache.xalan.processor.StopParseException,1,4,0,2,2,0,2,0,0,2,5,0,0,1,1,0,0,4,0,0,1
org.apache.xml.utils.res.XResources_he,3,4,0,1,4,1,0,1,2,0.5,426,0,0,0.976190476,1,0,0,140.6666667,1,0.3333,1
org.apache.xalan.processor.StylesheetPIHandler,6,2,0,3,26,3,1,2,6,0.733333333,462,0,0,0.772727273,0.458333333,1,1,75,2,1,1
org.apache.xalan.xsltc.compiler.CastExpr,9,3,0,57,49,0,33,24,8,0.583333333,536,1,2,0.91025641,0.3125,2,7,58.22222222,5,1.3333,0
org.apache.xml.res.XMLErrorResources,5,3,10,10,16,8,10,0,3,1.243589744,1171,0,0,0.926829268,0.333333333,0,0,217.6,2,0.8,1
org.apache.xml.utils.res.XResources_ja_JP_I,3,4,0,1,4,1,0,1,2,0.5,595,0,0,0.976190476,1,0,0,197,1,0.3333,1
org.apache.xpath.functions.FuncContains,2,5,0,5,7,1,0,5,2,2,36,0,0,0.98245614,0.75,1,6,17,1,0.5,1
org.apache.xalan.xsltc.compiler.util.MethodType,14,2,0,10,29,0,8,2,14,0.269230769,332,1,1,0.785714286,0.410714286,1,1,22.57142857,6,1.6429,0
org.apache.xml.utils.FastStringBuffer,29,1,0,24,44,0,23,1,21,0.640625,1655,0.0625,1,0,0.242063492,0,0,55.51724138,11,3,0
org.apache.xalan.xsltc.dom.SimpleResultTreeImpl,109,2,1,20,134,5826,5,17,108,0.967948718,837,0.769230769,3,0.475490196,0.153846154,0,0,6.559633028,4,1.1651,0
org.apache.xml.serializer.ToSAXHandler,22,2,3,6,42,143,4,2,19,0.714285714,251,1,1,0.820754717,0.217171717,1,4,10.27272727,3,1.0455,2
org.apache.xalan.transformer.QueuedEvents,7,1,0,2,10,13,0,2,2,0.861111111,99,0.75,2,0,0.571428571,0,0,11.42857143,1,0.8571,0
org.apache.xalan.xpath.XNodeSet,20,2,0,12,48,0,2,10,18,0.447368421,184,0,2,0.540540541,0.258333333,1,1,8.1,2,0.9,0
org.apache.xpath.functions.FuncSum,2,4,0,8,11,1,0,8,2,2,44,0,0,0.979591837,0.75,1,6,21,1,0.5,1
org.apache.xalan.xpath.xml.ProblemListenerDefault,13,2,0,3,36,0,1,2,13,0.083333333,369,0,1,0.5,0.230769231,0,0,27.30769231,2,1,0
org.apache.xalan.xsltc.dom.NthIterator,10,2,0,3,21,0,0,3,10,0.62962963,99,1,1,0.590909091,0.35,1,7,8.6,2,1.1,0
org.apache.xalan.templates.StylesheetComposed,11,4,1,17,45,39,10,10,9,0.8,333,1,0,0.964285714,0.309090909,1,2,28.90909091,4,1.5455,0
org.apache.xpath.domapi.XPathNSResolverImpl,2,2,0,2,4,1,1,1,2,2,10,0,0,0.8,0.666666667,0,0,4,1,0.5,1
org.apache.xalan.xsltc.compiler.ForwardPositionExpr,5,3,0,16,20,0,2,14,5,0,86,1,1,0.946666667,0.333333333,2,7,16,2,1,0
org.apache.xpath.functions.FuncTranslate,2,6,0,5,12,1,0,5,2,2,70,0,0,0.984615385,0.75,1,6,34,1,0.5,1
org.apache.xalan.xsltc.compiler.util.NumberType,3,2,2,5,4,3,4,1,3,2,10,0,0,0.942857143,1,0,0,2.333333333,1,0.6667,0
org.apache.xalan.processor.ProcessorCharacters,5,4,0,9,31,2,2,7,4,0.333333333,151,1,1,0.981308411,0.4,1,2,28.6,1,0.8,0
org.apache.xalan.extensions.ExtensionNamespacesManager,9,1,0,7,29,12,5,2,8,0.625,581,1,0,0,0.416666667,0,0,63.22222222,7,2.5556,1
org.apache.xalan.extensions.ExtensionNamespaceSupport,3,1,0,5,12,0,4,1,3,0.5,133,0,0,0,0.555555556,0,0,42,1,0.6667,0
org.apache.xalan.processor.ProcessorExsltFuncResult,2,5,0,8,8,1,1,7,2,2,57,0,0,0.995327103,0.625,1,1,27.5,1,0.5,1
org.apache.xalan.processor.ProcessorTemplateElem,4,4,8,14,23,6,9,5,3,2,94,0,0,0.985915493,0.55,1,1,22.5,1,0.75,1
org.apache.xalan.lib.sql.DefaultConnectionPool,20,1,0,4,53,70,1,3,16,0.795321637,451,0.888888889,0,0,0.214285714,0,0,21.1,3,1.25,1
org.apache.xalan.templates.ElemExsltFuncResult,5,4,0,9,13,10,3,6,5,2,54,0,0,0.981900452,0.6,3,7,9.8,3,1.2,2
org.apache.xml.utils.WrappedRuntimeException,3,4,0,39,5,0,39,0,3,0,22,1,0,0.944444444,0.666666667,0,0,6,1,0.3333,0
org.apache.xalan.templates.ElemParam,6,4,0,18,21,15,7,11,6,1,80,0,0,0.981900452,0.375,3,8,12.16666667,1,0.6667,2
org.apache.xpath.patterns.FunctionPattern,7,4,0,12,18,0,3,10,6,0.166666667,156,0,1,0.931034483,0.367346939,3,16,21.14285714,2,1,1
org.apache.xml.utils.Constants,1,1,1,1,2,0,1,0,1,2,26,0,0,0,1,0,0,3,0,0,1
org.apache.xml.dtm.ref.DTMDefaultBaseIterators,4,3,3,54,36,6,46,31,4,2,243,0,0,0.978723404,0.642857143,0,0,59.75,2,1,0
org.apache.xalan.xsltc.compiler.StringLengthCall,2,4,0,11,13,1,0,11,2,2,44,0,0,0.989690722,0.6,2,4,21,2,1,0
org.apache.xalan.xsltc.runtime.AttributeList,17,1,0,3,39,62,2,1,16,0.7578125,276,1,1,0,0.441176471,0,0,14.76470588,4,1.4706,0
org.apache.xalan.processor.XSLTAttributeDef,43,1,0,14,93,783,4,10,1,0.962585034,1969,0.166666667,2,0,0.328042328,0,0,43.81395349,19,1.5349,2
org.apache.xalan.xsltc.compiler.LiteralExpr,8,3,0,16,18,4,5,11,5,0.571428571,75,1,0,0.922077922,0.325,2,8,8.125,1,0.75,0
org.apache.xalan.xsltc.compiler.Text,10,3,0,19,33,0,6,15,7,0.583333333,262,1,0,0.875,0.266666667,2,6,24.8,10,2.1,0
org.apache.xml.utils.BoolStack,13,1,0,9,16,0,9,0,12,0.361111111,160,1,0,0,0.41025641,0,0,11.07692308,2,1.2308,1
org.apache.xml.utils.PrefixForUriEnumerator,3,1,0,1,9,0,1,1,2,0,67,1,1,0,0.5,0,0,20,3,1.6667,0
org.apache.xpath.functions.FuncDoclocation,2,5,0,5,9,1,0,5,2,2,43,0,0,0.982142857,0.75,2,7,20.5,1,0.5,1
org.apache.xalan.processor.ProcessorImport,3,5,0,2,4,3,1,1,0,2,10,0,0,0.990950226,1,1,1,2.333333333,1,0.6667,0
org.apache.xalan.xsltc.dom.BitArray,17,1,0,2,24,0,2,0,16,0.6875,622,0.833333333,0,0,0.291666667,0,0,34.88235294,10,2.2353,0
org.apache.xalan.templates.ElemMessage,6,3,0,5,17,3,0,5,6,0.4,60,1,0,0.975124378,0.444444444,2,4,8.833333333,1,0.8333,1
org.apache.xalan.xsltc.compiler.RoundCall,2,4,0,15,13,1,0,15,2,2,61,0,0,0.989690722,0.6,2,4,29.5,1,0.5,1
org.apache.xalan.transformer.ResultNameSpace,1,1,0,0,2,0,0,0,1,2,16,0,1,0,1,0,0,12,0,0,1
org.apache.xpath.operations.Gte,2,3,0,4,4,1,1,3,2,2,13,0,0,0.976190476,0.75,1,1,5.5,1,0.5,0
org.apache.xalan.xsltc.trax.XSLTCSource,9,1,0,9,34,0,1,8,8,0.458333333,206,1,1,0,0.416666667,0,0,21.55555556,2,0.8889,1
org.apache.xalan.templates.XUnresolvedVariable,6,3,0,7,23,9,1,7,6,0.833333333,134,1,1,0.934210526,0.361111111,2,12,20.33333333,1,0.8333,0
org.apache.xml.serializer.CharInfo,8,1,0,7,51,14,3,4,4,0.80952381,419,0.333333333,1,0,0.619047619,0,0,50.25,6,1.375,2
org.apache.xml.dtm.ref.DTMNodeListBase,3,1,3,3,4,3,3,0,3,2,10,0,0,0,0.666666667,0,0,2.333333333,1,0.6667,0
org.apache.xalan.transformer.Counter,3,1,0,5,8,0,1,4,0,0.833333333,84,0,2,0,0.466666667,0,0,25,4,2,1
org.apache.xalan.xsltc.compiler.NotCall,3,4,0,14,12,3,1,13,3,2,56,0,0,0.979591837,0.6,2,6,17.66666667,1,0.6667,0
org.apache.xalan.templates.ElemUse,7,3,4,9,16,0,4,6,6,0.166666667,119,1,1,0.97029703,0.428571429,0,0,15.85714286,2,1,2
org.apache.xpath.functions.Function3Args,9,5,4,12,23,6,5,8,8,0.375,124,0,1,0.875,0.355555556,4,15,12.66666667,6,1.7778,1
org.apache.xpath.objects.XObjectFactory,3,1,0,13,19,3,1,13,3,2,207,0,0,0,0.444444444,0,0,68,11,5.3333,0
org.apache.xalan.templates.TemplateList,22,1,0,18,74,121,3,17,9,0.680272109,943,0.857142857,4,0,0.180952381,0,0,41.54545455,19,3.0455,2
org.apache.xml.dtm.DTMConfigurationException,6,5,0,2,11,15,1,1,6,2,34,0,0,1,0.625,0,0,4.666666667,0,0,0
org.apache.xpath.functions.FuncLast,5,3,0,8,12,8,1,7,5,0.5,59,1,0,0.904761905,0.4,1,6,10.6,2,1,1
org.apache.xalan.transformer.KeyTable,8,1,0,16,42,8,2,15,4,0.607142857,246,1,1,0,0.321428571,0,0,29.25,4,1.875,1
org.apache.xml.serializer.WriterToASCI,7,2,0,1,13,0,1,0,7,0,65,1,0,0.684210526,0.342857143,1,2,8.142857143,1,0.8571,0
org.apache.xalan.xsltc.trax.TemplatesImpl,16,1,0,7,34,10,4,6,7,0.586666667,399,1,2,0,0.214814815,0,0,23.3125,1,0.75,2
org.apache.xalan.xsltc.compiler.Key,6,3,0,35,53,0,1,34,5,0.55,570,1,4,0.923076923,0.361111111,2,5,93.33333333,4,1.5,1
org.apache.xalan.xsltc.runtime.AbstractTranslet,37,1,0,25,101,552,10,15,35,0.919871795,899,0.576923077,7,0,0.18018018,0,0,22.59459459,12,2.1081,1
org.apache.xpath.functions.FuncGenerateId,2,5,0,4,10,1,0,4,2,2,28,0,0,0.982142857,0.75,2,7,13,1,0.5,1
org.apache.xml.dtm.DTMManager,19,1,2,53,24,157,44,10,17,0.99382716,94,0.444444444,1,0,0.157407407,0,0,3.473684211,1,0.8947,0
org.apache.xalan.xsltc.ProcessorVersion,3,1,0,0,9,1,0,0,2,0.5,44,1,0,0,0.5,0,0,12.66666667,2,0.6667,0
org.apache.xpath.objects.XBooleanStatic,2,4,0,5,5,0,3,3,2,0,25,0,0,0.987341772,0.666666667,2,3,11,2,1,1
org.apache.xalan.transformer.TransformerClient,1,1,0,2,1,0,1,1,1,2,1,0,0,0,1,0,0,0,1,1,0
org.apache.xpath.functions.FuncStartsWith,2,5,0,6,6,1,0,6,2,2,21,0,0,0.98245614,0.75,1,6,9.5,1,0.5,1
org.apache.xalan.lib.sql.DTMDocument,96,4,2,15,197,0,2,13,66,0.919838057,2568,1,2,0.497354497,0.180871212,1,26,25.61458333,11,2.0938,1
org.apache.xpath.operations.String,2,3,0,5,4,1,1,4,2,2,9,0,0,0.975609756,0.75,1,1,3.5,1,0.5,0
org.apache.xalan.xsltc.compiler.Predicate,21,3,0,61,108,68,4,60,20,0.765,1079,1,4,0.78021978,0.210884354,2,8,49.9047619,12,3.1429,4
org.apache.xml.dtm.DTMIterator,25,1,0,53,25,300,52,2,25,1.041666667,28,0,0,0,0.34,0,0,0,1,1,0
org.apache.xml.utils.StringBufferPool,5,1,0,7,13,4,5,2,3,0.75,44,0.5,1,0,0.25,0,0,7.4,1,0.6,1
org.apache.xalan.templates.AVTPartSimple,5,2,0,6,7,4,1,5,5,0.5,22,1,0,0.555555556,0.325,0,0,3.2,1,0.8,1
org.apache.xalan.xsltc.trax.TransformerFactoryImpl,34,3,0,14,143,369,5,13,24,0.903263403,1703,0.576923077,0,0.384615385,0.142857143,1,2,48.32352941,17,2.0882,5
org.apache.xml.utils.SuballocatedIntVector,20,1,0,15,22,8,15,0,13,0.552631579,901,1,0,0,0.875,0,0,43.55,8,2.95,1
org.w3c.dom.xpath.XPathExpression,1,1,0,0,1,0,0,0,1,2,1,0,0,0,1,0,0,0,1,1,0
org.apache.xml.utils.NSInfo,3,1,0,1,4,0,1,0,3,0.642857143,55,0,0,0,0.666666667,0,0,15,0,0,1
org.apache.xalan.xsltc.compiler.FunctionCall,28,3,23,60,138,124,24,36,15,0.931372549,2406,0.882352941,4,0.739583333,0.128205128,3,10,83.71428571,15,3.1786,1
org.apache.xalan.xsltc.compiler.ElementAvailableCall,5,4,0,17,19,10,0,17,5,2,85,0,0,0.96,0.333333333,3,12,16,2,1.2,0
org.apache.xpath.ExpressionNode,5,1,0,44,5,10,44,0,5,2,5,0,0,0,0.6,0,0,0,1,1,0
org.apache.xpath.axes.LocPathIterator,52,4,8,37,84,1016,21,20,45,0.85130719,665,0.833333333,4,0.616,0.145104895,2,9,11.55769231,12,1.4231,1
org.apache.xml.utils.SerializableLocatorImpl,10,1,0,0,15,37,0,0,10,0.777777778,64,1,0,0,0.375,0,0,5,1,0.8,0
org.apache.xpath.objects.EqualComparator,3,2,0,3,5,3,1,2,0,2,18,0,0,0.5,0.555555556,0,0,5,2,1,0
org.apache.xalan.xsltc.runtime.output.WriterOutputBuffer,6,1,0,1,16,0,0,1,5,0.733333333,88,1,0,0,0.333333333,0,0,13.16666667,1,0.6667,0
org.apache.xml.dtm.ref.DTMAxisIterNodeList,5,2,0,5,12,0,1,4,4,0.4375,119,1,3,0.4,0.4,0,0,22,7,2.2,0
org.apache.xml.serializer.EmptySerializer,81,1,2,5,82,3240,2,3,80,1.0125,266,1,0,0,0.096707819,0,0,2.271604938,1,0.9877,0
org.apache.xml.dtm.ref.DTMAxisIteratorBase,14,1,19,21,21,59,19,2,12,0.807692308,163,1,0,0,0.404761905,0,0,10.21428571,5,1.4286,1
org.apache.xml.dtm.ref.CustomStringPool,4,2,0,1,15,0,0,1,4,0.833333333,62,0,0,0.571428571,0.5,1,4,14,3,1.5,0
org.apache.xpath.SourceTreeManager,13,1,0,8,46,42,4,5,13,0.625,339,0.5,0,0,0.340659341,0,0,24.92307692,5,1.8462,0
org.apache.xalan.xsltc.compiler.IllegalCharException,1,3,0,0,2,0,0,0,1,2,5,0,0,1,1,0,0,4,0,0,0
org.apache.xml.dtm.ref.DTMNodeProxy,121,1,0,13,151,5992,7,6,120,0.794444444,1009,0,1,0,0.185185185,0,0,7.314049587,4,1.1818,1
org.apache.xalan.xsltc.compiler.Stylesheet,55,2,0,65,186,1287,27,50,44,0.948888889,1928,0.92,6,0.5,0.101604278,2,6,33.6,9,2.1273,4
org.apache.xpath.operations.Mod,3,3,0,7,7,3,2,5,3,2,25,0,0,0.953488372,0.555555556,1,1,7.333333333,1,0.6667,0
org.apache.xml.serializer.AttributesImplSerializer,5,2,0,6,19,0,6,0,5,0,91,1,0,0.857142857,0.533333333,1,3,17,2,1.2,0
org.apache.xpath.objects.XNodeSetForDOM,7,5,0,5,18,0,1,4,7,0,115,0,0,0.978417266,0.285714286,3,14,15.28571429,1,0.4286,0
org.apache.xalan.xsltc.compiler.util.VoidType,9,2,0,13,20,36,1,13,8,2,85,0,0,0.804878049,0.351851852,2,3,8.444444444,2,1.2222,0
org.apache.xpath.functions.FuncNumber,2,5,0,4,5,1,0,4,2,2,12,0,0,0.982142857,0.75,2,7,5,1,0.5,1
org.apache.xpath.patterns.UnionPattern,9,2,0,12,20,0,4,10,8,0.125,212,1,1,0.789473684,0.197530864,1,7,22.44444444,7,2.4444,1
org.apache.xalan.xsltc.compiler.FilterExpr,7,3,0,21,38,0,1,21,6,0.083333333,282,1,1,0.922077922,0.306122449,2,9,39,3,1.7143,1
org.apache.xpath.operations.Operation,12,2,14,22,23,0,17,7,12,0.363636364,149,1,2,0.731707317,0.21875,1,7,11.25,5,1.5833,0
org.apache.xalan.xsltc.runtime.BasisLibrary,59,1,0,31,173,1695,17,17,54,1.001915709,2363,0.333333333,0,0,0.114224138,0,0,38.59322034,49,4.4915,6
org.apache.xpath.objects.XString,49,3,2,43,100,1176,34,12,46,1,740,0,1,0.606837607,0.122222222,3,21,14.08163265,16,1.8571,1
org.apache.xalan.xsltc.StripFilter,1,1,0,9,1,0,9,1,1,2,1,0,0,0,1,0,0,0,1,1,0
org.apache.xalan.serialize.Serializer,9,1,0,3,9,36,2,1,9,2,9,0,0,0,0.333333333,0,0,0,1,1,0
org.apache.xalan.xsltc.trax.TrAXFilter,6,2,0,4,25,13,2,2,5,0.9,104,1,1,0.871794872,0.305555556,1,1,16,2,1,0
org.apache.xml.utils.QName,28,1,0,53,49,268,49,4,28,0.562962963,732,0.8,0,0,0.285714286,1,1,24.96428571,9,1.4286,2
org.apache.xml.serializer.SerializerFactory,3,1,0,10,15,3,6,4,2,1,97,1,0,0,0.5,0,0,31,5,1.6667,1
org.apache.xalan.xsltc.runtime.StringValueHandler,8,2,0,2,19,0,1,1,8,0.657142857,183,1,0,0.932692308,0.35,0,0,21.25,5,1.625,0
org.apache.xpath.axes.FilterExprIteratorSimple,16,5,0,16,44,8,4,13,14,0.75,261,1,2,0.899280576,0.18125,3,10,15.0625,4,1.4375,0
org.apache.xml.serializer.Serializer,9,1,0,11,9,36,10,1,9,2,9,0,0,0,0.333333333,0,0,0,1,1,0
org.apache.xpath.objects.XStringForFSB,31,4,0,10,59,117,1,10,29,0.5,823,0.5,0,0.802721088,0.150537634,4,20,25.41935484,14,2.9032,0
org.apache.xml.utils.synthetic.JavaUtils,5,1,0,0,18,4,0,0,3,0.625,157,1,0,0,0.25,0,0,30,6,1.8,1
org.apache.xalan.Version,9,1,0,1,15,36,0,1,9,2,69,0,0,0,0.111111111,0,0,6.666666667,2,1,1
org.apache.xpath.objects.XMLStringFactoryImpl,7,2,0,8,11,19,4,6,6,0.833333333,39,1,1,0.444444444,0.333333333,0,0,4.428571429,1,0.7143,1
org.apache.xpath.operations.VariableSafeAbsRef,2,3,0,9,11,1,1,8,2,2,39,0,0,0.97826087,0.666666667,1,1,18.5,1,0.5,0
org.apache.xalan.templates.ElemAttributeSet,8,4,0,10,24,16,6,7,8,0.571428571,97,0,1,0.966507177,0.3,2,4,11,3,1.125,2
org.apache.xpath.objects.GreaterThanComparator,3,2,0,3,5,3,1,2,0,2,24,0,0,0.5,0.555555556,0,0,7,2,1.3333,0
org.apache.xml.utils.PrefixResolver,4,1,0,69,4,6,69,0,4,2,4,0,0,0,0.583333333,0,0,0,1,1,1
org.apache.xalan.transformer.CountersTable,5,3,0,7,23,8,3,5,2,0.875,198,0.5,1,0.904761905,0.44,0,0,38.2,2,1.2,1
org.apache.xalan.xsltc.compiler.CallTemplate,6,3,0,18,40,3,1,18,5,0.4,183,1,1,0.918032787,0.305555556,1,6,29.33333333,5,1.6667,4
org.apache.xalan.xsltc.NodeIterator,10,1,0,1,10,45,1,0,10,1.111111111,11,0,0,0,0.4,0,0,0,1,1,0
org.apache.xalan.xsltc.compiler.NameBase,5,4,3,17,21,0,3,14,5,0.25,149,1,2,0.96969697,0.366666667,3,14,28.4,4,1.2,0
org.apache.xalan.xsltc.compiler.util.BooleanType,21,2,0,49,56,208,17,36,19,0.95,317,0,0,0.622641509,0.216450216,1,2,14.04761905,4,1.4762,0
org.apache.xalan.xsltc.compiler.Constants,0,1,0,6,0,0,5,1,0,2,203,0,0,0,0,0,0,0,0,0,1
org.apache.xalan.xsltc.runtime.output.TransletOutputHandlerFactory,13,1,0,12,32,34,3,9,13,0.826388889,289,0.75,0,0,0.201923077,0,0,20.30769231,2,1.0769,0
org.apache.xml.utils.synthetic.TestDriver,7,1,0,5,33,15,1,5,4,0.833333333,189,0.5,0,0,0.233333333,0,0,25.71428571,2,0.8571,1
org.apache.xalan.templates.ElemExtensionCall,10,5,0,20,49,39,4,17,8,1.022222222,285,0,1,0.963709677,0.333333333,3,7,27,5,1.7,2
org.apache.xml.utils.res.XResources_zh_TW,3,4,0,1,4,1,0,1,2,0.5,499,0,0,0.976190476,1,0,0,165,1,0.3333,1
org.apache.xalan.xsltc.compiler.ProcessingInstruction,4,3,0,17,26,0,0,17,3,0.333333333,123,1,1,0.949152542,0.4,2,6,29.5,2,1,1
org.apache.xml.utils.StringToIntTable,8,1,0,2,12,0,2,0,8,0.523809524,217,0.833333333,0,0,0.583333333,0,0,25.375,4,1.875,1
org.apache.xpath.operations.Equals,3,3,0,6,7,3,1,5,3,2,40,0,0,0.953488372,0.555555556,2,2,12.33333333,1,0.6667,0
org.apache.xalan.xsltc.compiler.LastCall,4,4,0,13,13,6,1,12,4,2,59,0,0,0.96969697,0.4375,2,4,13.75,3,1.25,0
org.apache.xml.dtm.ref.CoroutineManager,6,1,0,4,17,0,3,1,6,0.7,183,0,0,0,0.722222222,0,0,28.5,7,1.8333,1
org.apache.xpath.functions.FuncStringLength,2,5,0,5,6,1,0,5,2,2,14,0,0,0.982142857,0.75,2,7,6,1,0.5,1
org.apache.xalan.xsltc.dom.NodeSortRecord,11,1,0,7,25,3,2,6,8,0.733333333,303,0.777777778,3,0,0.328571429,0,0,24.90909091,5,1.2727,2
org.apache.xalan.xsltc.runtime.HashtableEntry,2,1,0,2,3,1,2,0,0,1,38,0,1,0,1,0,0,16,2,1,0
org.apache.xml.utils.IntVector,20,1,1,5,22,0,5,0,20,0.342105263,497,1,0,0,0.6,0,0,23.65,4,1.75,1
org.apache.xalan.lib.ExsltMath,20,2,0,2,48,188,0,2,19,0.947368421,312,1,0,0.1,0.25,0,0,14.25,10,2.15,1
org.apache.xalan.xsltc.compiler.util.ErrorMessages,3,3,1,1,4,1,1,0,2,0.5,1248,1,0,0.974358974,1,0,0,414.6666667,1,0.3333,1
org.apache.xalan.xsltc.compiler.KeyCall,4,4,0,33,45,0,1,32,3,0.083333333,524,1,4,0.96969697,0.458333333,3,7,129,8,2.5,0
org.apache.xpath.objects.XObject,42,2,7,145,68,819,132,15,40,0.953929539,465,0.111111111,0,0.428571429,0.112244898,2,8,9.857142857,4,1.1667,1
org.apache.xml.utils.SystemIDResolver,8,1,0,15,31,28,13,2,6,2,287,0,0,0,0.5,0,0,34.875,7,3.5,3
org.apache.xml.dtm.ref.DTMStringPool,6,1,2,6,25,3,5,1,6,0.56,424,0,1,0,0.375,0,0,68.83333333,8,2.8333,0
org.apache.xpath.functions.FuncNot,2,4,0,5,5,1,0,5,2,2,15,0,0,0.979591837,0.75,1,6,6.5,1,0.5,1
org.apache.xalan.templates.XMLNSDecl,4,1,0,2,5,0,2,0,4,0.666666667,28,1,0,0,0.5,0,0,5.25,1,0.75,0
org.apache.xpath.functions.FuncSystemProperty,5,4,0,8,37,6,0,8,3,0.65,253,0.4,0,0.941176471,0.4375,2,8,48.6,4,1.2,1
org.apache.xalan.xsltc.cmdline.Compile,4,1,0,4,40,0,0,4,3,0.333333333,240,1,0,0,0.333333333,0,0,58,12,3.75,0
org.apache.xalan.transformer.XSLInfiniteLoopException,2,1,0,0,3,1,0,0,1,2,7,0,0,0,1,0,0,2.5,1,0.5,1
org.apache.xml.utils.CharKey,5,1,0,1,6,0,1,0,5,0.25,32,1,0,0,0.533333333,1,1,5.2,2,0.8,1
org.apache.xalan.xsltc.compiler.util.Type,33,1,10,113,53,526,104,20,32,0.998046875,300,0,16,0,0.234375,0,0,7.606060606,2,1,0
org.apache.xml.utils.DOMBuilder,30,1,0,4,64,223,2,2,28,0.634482759,460,0.6,0,0,0.2,0,0,14.16666667,5,1.0667,3
org.apache.xalan.xsltc.compiler.util.TestGenerator,13,5,0,12,20,54,3,9,12,0.9,119,1,0,0.926174497,0.21875,2,5,7.384615385,2,0.9231,0
org.apache.xml.utils.WrongParserException,1,4,0,0,2,0,0,0,1,2,5,0,0,1,1,0,0,4,0,0,1
org.apache.xpath.res.XPATHErrorResources_it,4,4,0,1,11,4,0,1,2,1.285714286,1903,0,0,0.953488372,0.5,2,2,471.25,2,0.75,1
org.apache.xalan.xsltc.compiler.AbsolutePathPattern,8,5,0,29,45,0,1,29,8,0.142857143,241,1,1,0.933962264,0.270833333,4,5,29,6,1.875,0
org.apache.xml.serializer.DOMSerializer,1,1,0,8,1,0,8,0,1,2,1,0,0,0,1,0,0,0,1,1,0
org.apache.xalan.xsltc.compiler.Number,15,3,0,52,104,23,1,52,9,0.798319328,1308,1,8,0.811594203,0.214285714,2,3,85.06666667,14,3.1333,1
org.apache.xpath.res.XPATHErrorResources_ko,3,4,0,1,4,1,0,1,2,1.428571429,1872,0,0,0.976190476,1,0,0,618.3333333,1,0.3333,1
org.apache.xalan.templates.StylesheetRoot,50,5,0,57,121,1069,49,24,34,0.939909297,987,0.944444444,11,0.853658537,0.079130435,3,6,18.38,10,1.6,1
org.apache.xalan.xsltc.trax.SmartTransformerFactoryImpl,21,3,0,2,43,0,0,2,19,0.5,498,1,0,0.5,0.220238095,1,2,22.47619048,3,1.0476,0
org.apache.xml.utils.ThreadControllerWrapper,5,1,0,3,9,0,2,1,4,0.25,27,0,1,0,0.3,0,0,4.2,1,0.6,0
org.apache.xml.res.XMLErrorResources_zh_CN,3,4,0,1,4,1,0,1,2,1.3,875,0,0,0.976190476,1,0,0,289,1,0.3333,0
org.apache.xpath.axes.ContextNodeList,12,1,0,1,12,66,1,0,12,2,12,0,0,0,0.444444444,0,0,0,1,1,1
org.apache.xalan.xslt.XSLProcessorException,3,4,0,2,6,0,1,1,3,0,48,1,0,1,0.777777778,0,0,14.66666667,0,0,0
org.apache.xalan.xsltc.compiler.util.NodeSortRecordGenerator,3,4,0,5,5,1,1,4,3,1,25,1,0,0.975903614,0.466666667,0,0,6.666666667,1,0.6667,0
org.apache.xalan.xsltc.compiler.CurrentCall,2,4,0,7,6,1,0,7,2,2,13,0,0,0.989690722,0.625,2,4,5.5,1,0.5,0
org.apache.xalan.xsltc.compiler.CeilingCall,2,4,0,10,10,1,0,10,2,2,31,0,0,0.989690722,0.6,2,5,14.5,1,0.5,0
org.apache.xalan.xsltc.compiler.When,7,3,0,14,25,0,2,13,6,0.5,118,1,1,0.903225806,0.285714286,1,6,15.57142857,5,1.4286,0
org.apache.xml.utils.ObjectStack,12,2,0,5,20,24,4,1,12,2,161,0,0,0.653846154,0.395833333,1,14,12.41666667,2,1,1
org.apache.xpath.functions.FuncTrue,3,3,0,4,4,3,0,4,3,2,9,0,0,0.95,0.5,1,6,2,1,0.6667,1
org.apache.xalan.templates.ElemForEach,18,3,1,24,81,79,5,20,17,0.735294118,474,0.5,1,0.920187793,0.136752137,2,6,25.11111111,4,1.2778,2
org.apache.xalan.extensions.ExtensionHandlerJavaClass,7,3,0,9,43,1,0,9,6,0.7,530,0.4,0,0.571428571,0.349206349,2,6,74,8,2.1429,1
org.apache.xml.dtm.DTM,66,1,0,94,66,2145,91,3,66,1.015384615,82,0,0,0,0.277056277,0,0,0,1,1,1
org.apache.xalan.xsltc.cmdline.getopt.IllegalArgumentException,1,4,0,2,2,0,1,1,1,2,5,0,0,1,1,0,0,4,0,0,0
org.apache.xalan.xsltc.dom.KeyIndex,20,2,0,9,38,34,2,7,20,0.778947368,385,1,4,0.40625,0.242857143,1,7,18,11,2.55,0
org.apache.xalan.templates.ElemCopy,4,4,0,10,25,6,1,9,4,2,121,0,0,0.985365854,0.625,2,4,29.25,1,0.75,1
org.apache.xalan.xsltc.dom.StepIterator,8,2,1,4,21,0,2,3,8,0.333333333,158,1,2,0.65,0.34375,1,5,18.375,3,1.5,0
org.apache.xalan.xsltc.compiler.StepPattern,20,6,1,53,99,50,8,46,13,0.831578947,1165,1,1,0.838983051,0.225,3,8,56.75,7,2.55,1
org.apache.xpath.domapi.XPathEvaluatorImpl,5,1,0,5,15,4,1,5,5,0.25,77,1,0,0,0.4,0,0,14.2,2,0.8,1
org.apache.xalan.xslt.Stylesheet,2,4,1,5,4,1,1,5,2,2,11,0,0,1,0.6,0,0,4.5,0,0,0
org.apache.xalan.transformer.NodeSortKey,1,1,0,6,10,0,3,4,0,2,80,0,3,0,1,0,0,71,0,0,1
org.apache.xpath.axes.PathComponent,1,1,0,8,1,0,8,0,1,2,1,0,0,0,1,0,0,0,1,1,0
org.apache.xalan.lib.ExsltSets,7,2,0,4,23,21,1,3,7,2,258,0,0,0.25,0.5,0,0,35.85714286,6,3.5714,1
org.apache.xalan.xsltc.trax.OutputSettings,2,1,0,0,4,1,0,0,2,1,47,1,0,0,1,0,0,18,1,0.5,0
org.apache.xml.utils.ListingErrorHandler,17,1,0,4,54,50,0,4,16,0.65625,569,1,0,0,0.196078431,0,0,32.23529412,14,1.8824,1
org.apache.xml.dtm.DTMException,15,4,1,12,37,0,11,1,15,0.392857143,357,0,0,0.62962963,0.311111111,1,2,22.66666667,8,2,0
org.apache.xalan.extensions.ExtensionsTable,7,1,0,9,25,0,2,7,7,0.5,199,0.5,1,0,0.357142857,0,0,27.14285714,1,0.8571,1
org.apache.xml.utils.StringToStringTable,11,1,0,1,15,0,1,0,11,0.45,286,1,0,0,0.606060606,0,0,24.63636364,4,2.1818,1
org.apache.xalan.xsltc.compiler.UnparsedEntityUriCall,3,4,0,15,14,0,0,15,3,0,63,1,1,0.979591837,0.444444444,3,13,19.66666667,1,0.6667,0
org.apache.xalan.xsltc.dom.AnyNodeCounter,4,2,1,5,11,4,1,5,4,2,63,0,0,0.823529412,0.5,1,4,14.75,5,1.75,0
org.apache.xalan.xpath.xml.XMLParserLiaison,1,3,1,5,2,0,4,1,1,2,4,0,0,1,1,0,0,3,0,0,0
org.apache.xpath.WhitespaceStrippingElementMatcher,2,1,0,2,2,1,1,1,2,2,2,0,0,0,0.666666667,0,0,0,1,1,0
org.apache.xalan.processor.TransformerFactoryImpl,24,3,0,22,99,190,10,14,20,0.936454849,912,0.307692308,0,0.476190476,0.202898551,1,2,36.45833333,17,1.5833,0
org.apache.xalan.xslt.XSLTInputSource,17,1,0,3,33,0,3,0,17,0.4875,305,1,0,0,0.264705882,0,0,16.64705882,4,1.2941,0
org.apache.xalan.xsltc.compiler.DecimalFormatting,5,3,0,21,32,2,2,20,4,1,518,1,1,0.9375,0.4,3,7,102,17,4.4,1
org.apache.xalan.xsltc.dom.AbsoluteIterator,8,2,0,3,21,0,1,3,8,0,85,1,1,0.65,0.34375,1,5,9.5,2,1,0
org.apache.xalan.xsltc.compiler.NamespaceUriCall,3,5,0,9,11,3,0,9,3,2,37,0,0,0.99,0.533333333,3,5,11.33333333,1,0.3333,0
org.apache.xalan.xsltc.compiler.ContainsCall,5,4,0,18,22,4,0,18,5,0.25,126,1,2,0.96,0.4,3,14,23.8,1,0.8,0
org.apache.xalan.xsltc.dom.CollatorFactoryBase,4,1,0,2,9,4,1,1,3,0.666666667,29,0,0,0,0.555555556,0,0,5.75,2,0.75,0
org.apache.xml.serializer.SerializerTrace,6,1,0,4,6,15,4,0,6,1.2,18,0,0,0,0.533333333,0,0,0,1,1,0
org.apache.xalan.processor.XSLTElementDef,37,1,1,8,57,440,6,4,0,0.793209877,812,0.722222222,3,0,0.289189189,0,0,20.45945946,15,2.2162,0
org.apache.xalan.xsltc.compiler.Pattern,4,3,2,17,5,6,11,6,4,2,7,0,0,0.959459459,0.4375,2,4,0.75,1,0.75,0
org.apache.xalan.xsltc.compiler.ArgumentList,2,1,0,1,7,0,0,1,2,0,35,1,2,0,0.666666667,0,0,15.5,2,1,0
org.apache.xalan.xpath.XNumber,8,2,0,4,17,0,2,2,8,0,47,0,1,0.740740741,0.416666667,1,1,4.75,1,0.875,0
org.apache.xalan.xsltc.compiler.StringCall,3,4,0,13,17,3,0,13,3,2,75,0,0,0.979591837,0.444444444,3,13,24,3,1.3333,0
org.apache.xalan.extensions.MethodResolver,13,1,0,11,70,66,2,9,6,0.952898551,2002,0.043478261,7,0,0.266666667,0,0,151.2307692,14,3.2308,0
org.apache.xalan.lib.sql.XConnection,34,1,0,12,127,211,0,12,28,0.656565657,1600,1,3,0,0.196078431,0,0,45.79411765,7,1.6176,1
org.apache.xalan.xsltc.runtime.Node,1,1,0,1,2,0,1,0,1,2,12,0,0,0,1,0,0,9,0,0,0
org.apache.xml.utils.ObjectVector,21,1,1,5,23,0,5,0,21,0.3375,516,1,0,0,0.5,0,0,23.38095238,4,1.7143,1
org.apache.xpath.functions.FuncSubstring,4,6,0,8,16,6,0,8,3,2,113,0,0,0.955223881,0.5,2,8,27.25,1,0.75,1
org.apache.xalan.xsltc.compiler.AttributeValueTemplate,7,4,0,22,49,21,4,19,5,2,452,0,0,0.923076923,0.339285714,2,7,63.57142857,14,5.1429,1
org.apache.xalan.xsltc.compiler.util.NodeSortRecordFactGenerator,2,4,0,3,3,1,1,2,2,2,13,0,0,0.987804878,0.6,0,0,5.5,1,0.5,0
org.apache.xalan.xslt.XSLTProcessor,34,1,0,15,34,561,3,13,34,2,34,0,0,0,0.119485294,0,0,0,1,1,0
org.apache.xml.dtm.ref.DTMNodeList,5,2,0,8,15,0,5,3,4,0.25,72,1,1,0.4,0.466666667,0,0,13.2,3,1.2,0
org.apache.xml.utils.NamespaceSupport2,11,2,0,3,26,0,2,2,11,0.55,127,0.5,1,0.583333333,0.409090909,1,3,10.36363636,3,1.3636,0
org.apache.xml.serializer.XSLOutputAttributes,19,1,0,1,19,171,1,0,19,2,19,0,0,0,0.381578947,0,0,0,1,1,0
org.apache.xalan.processor.ProcessorOutputElem,14,4,0,9,40,0,1,8,13,0.076923077,174,1,1,0.941704036,0.295918367,2,3,11.35714286,1,0.9286,0
org.apache.xalan.xsltc.compiler.UnionPathExpr,6,3,0,21,36,0,2,20,5,0.5,289,1,3,0.934210526,0.285714286,2,8,46.5,7,2.5,0
org.apache.xalan.xsltc.compiler.Attribute,3,3,0,4,14,1,0,4,2,0.5,37,1,1,0.965517241,0.555555556,1,4,11,1,0.6667,0
org.apache.xml.utils.XMLString,37,1,0,47,37,666,47,0,37,2,37,0,0,0,0.191891892,1,1,0,1,1,0
org.apache.xml.serializer.SerializerConstants,1,1,0,1,2,0,1,0,0,2,27,0,0,0,0,0,0,10,0,0,0
org.apache.xml.utils.synthetic.reflection.Field,33,1,0,3,73,0,1,3,33,0.75,469,0,2,0,0.158508159,1,1,13.03030303,6,1.303,1
org.apache.xpath.functions.FuncLocalPart,2,5,0,5,9,1,0,5,2,2,42,0,0,0.982142857,0.75,3,8,20,1,0.5,1
org.apache.xpath.functions.FuncCount,2,4,0,6,8,1,0,6,2,2,23,0,0,0.979591837,0.75,1,6,10.5,1,0.5,1
org.apache.xalan.lib.ExsltDatetime,45,1,0,3,83,990,0,3,37,1.022727273,1528,0,0,0,0.172222222,0,0,32.75555556,10,1.6,2
org.apache.xalan.templates.ElemTextLiteral,11,3,0,9,20,29,6,4,11,0.825,114,1,0,0.951456311,0.340909091,2,5,9,2,1,1
org.apache.xalan.xsltc.dom.MatchingIterator,10,2,0,3,23,0,0,3,10,0.5,116,1,1,0.590909091,0.35,1,8,10.4,4,1.3,0
org.apache.xalan.processor.ProcessorInclude,7,4,1,11,47,15,2,9,3,0.333333333,268,1,0,0.972222222,0.5,1,1,37.14285714,1,0.8571,0
org.apache.xalan.res.XSLTErrorResources_de,3,4,0,1,4,1,0,1,2,1.423076923,3769,0,0,0.976190476,1,0,0,1251,1,0.3333,0
org.apache.xml.serializer.SerializerTraceWriter,8,2,0,2,17,0,1,1,6,0.171428571,514,1,1,0.65,0.3125,1,2,62.625,1,0.875,0
org.apache.xalan.xsltc.dom.MultiDOM,52,1,0,15,109,202,4,13,50,0.851540616,775,1,3,0,0.185314685,0,0,13.76923077,11,1.6346,1
org.apache.xalan.serialize.SerializerFactory,2,1,0,4,5,1,0,4,1,2,15,0,0,0,0.5,0,0,6.5,1,0.5,0
org.apache.xml.res.XMLErrorResources_de,3,4,0,1,4,1,0,1,2,1.3,875,0,0,0.976190476,1,0,0,289,1,0.3333,0
org.apache.xalan.serialize.DOMSerializer,0,1,0,5,0,0,4,1,0,2,0,0,0,0,0,0,0,0,0,0,0
org.apache.xml.utils.RawCharacterHandler,1,1,0,0,1,0,0,0,1,2,1,0,0,0,1,0,0,0,1,1,1
org.apache.xalan.processor.ProcessorText,3,5,0,7,10,3,1,6,2,2,40,0,0,0.990697674,0.583333333,2,4,12.33333333,1,0.6667,0
org.apache.xalan.transformer.DecimalToRoman,1,1,0,2,2,0,2,0,1,2,20,0,0,0,1,0,0,15,0,0,1
org.apache.xalan.xsltc.compiler.Comment,4,3,0,15,20,6,0,15,3,2,92,0,0,0.949152542,0.4,1,3,22,1,0.75,0
org.apache.xalan.xsltc.compiler.Fallback,6,3,0,10,12,0,1,9,5,0.2,49,1,0,0.918032787,0.333333333,1,3,7,2,1.1667,0
org.apache.xpath.res.XPATHErrorResources_zh_CN,3,4,0,1,4,1,0,1,2,1.428571429,1872,0,0,0.976190476,1,0,0,618.3333333,1,0.3333,1
org.apache.xalan.xsltc.compiler.PositionCall,3,4,0,13,12,3,1,12,3,2,55,0,0,0.979591837,0.5,2,4,17.33333333,3,1.3333,0
org.apache.xalan.templates.ElemVariablePsuedo,3,4,0,8,9,1,1,7,3,0.5,26,0,1,0.99086758,0.555555556,0,0,7.333333333,1,0.6667,0
org.apache.xalan.templates.XSLTVisitor,9,2,1,20,10,36,19,6,1,2,28,0,0,0.6,0.314814815,0,0,2.111111111,1,0.8889,0
org.apache.xalan.xsltc.compiler.DocumentCall,3,4,0,21,26,0,0,21,3,0.166666667,246,1,3,0.979591837,0.444444444,3,14,80,4,1.6667,0
org.apache.xalan.xsltc.dom.Axis,1,1,0,7,1,0,6,1,0,2,62,0,0,0,0,0,0,60,0,0,0
org.apache.xml.dtm.ref.IncrementalSAXSource_Filter,42,1,0,10,90,335,6,5,39,0.667917448,877,0.923076923,1,0,0.125396825,0,0,19.57142857,6,1.2857,0
org.apache.xalan.templates.ElemWithParam,11,3,0,21,33,15,2,19,10,0.825,168,0.5,2,0.951456311,0.191919192,2,9,13.90909091,3,1.0909,2
org.apache.xalan.xslt.StylesheetSpec,6,2,0,2,8,5,2,0,6,0.8,47,0,0,0.642857143,0.444444444,0,0,6,1,0.8333,0
org.apache.xalan.xsltc.runtime.output.StringOutputBuffer,5,1,0,1,11,0,0,1,5,0,41,1,0,0,0.36,0,0,7,1,0.8,0
org.apache.xpath.functions.FuncString,2,5,0,5,4,1,0,5,2,2,10,0,0,0.982142857,0.75,2,7,4,1,0.5,1
org.apache.xalan.transformer.SerializerSwitcher,4,1,0,5,21,6,1,4,3,2,153,0,0,0,0.4,0,0,37.25,1,0.75,0
org.apache.xalan.lib.sql.ObjectArray,7,1,0,3,19,0,3,1,6,0.25,432,1,1,0,0.464285714,0,0,60.14285714,3,1.4286,1
org.apache.xalan.xsltc.compiler.TopLevelElement,5,2,10,24,17,10,14,10,4,2,56,0,0,0.931034483,0.44,1,4,10.2,1,0.8,0
org.apache.xalan.xsltc.compiler.XslAttribute,6,3,0,31,57,0,2,29,5,0.5,413,1,2,0.918032787,0.305555556,2,10,67.16666667,28,6,1
org.apache.xml.dtm.ref.DTMDefaultBase,93,1,1,17,137,4056,5,13,67,0.922302738,2311,0.777777778,14,0,0.173913043,0,0,23.55913978,14,2.4624,2
org.apache.xml.res.XMLErrorResources_zh_TW,3,4,0,1,4,1,0,1,2,1.3,875,0,0,0.976190476,1,0,0,289,1,0.3333,0
org.apache.xalan.templates.FuncFormatNumb,5,6,0,13,36,10,1,12,4,2,186,0,0,0.941176471,0.4,2,8,36.2,1,0.8,2
org.apache.xalan.lib.sql.SQLDocument,10,5,0,7,53,0,1,6,5,0.883141762,1077,1,1,0.954545455,0.211111111,2,8,100.9,12,3.5,0
org.apache.xpath.functions.FuncExtFunctionAvailable,2,4,0,8,14,1,0,8,2,2,72,0,0,0.979591837,0.75,2,7,35,1,0.5,1
org.apache.xalan.xsltc.compiler.ApplyImports,7,3,0,21,48,17,0,21,5,0.888888889,237,1,1,0.903225806,0.30952381,1,4,32.42857143,6,1.7143,0
org.apache.xpath.functions.FunctionMultiArgs,9,6,1,9,24,6,2,8,8,0.375,218,0,1,0.888888889,0.355555556,5,22,23.11111111,7,2.3333,1
org.apache.xml.dtm.Axis,1,1,0,4,1,0,4,0,0,2,111,0,0,0,0,0,0,88,0,0,0
org.apache.xalan.xsltc.trax.TransformerImpl,33,2,0,23,149,280,4,20,19,0.890625,1704,1,5,0.295454545,0.140151515,0,0,50.03030303,20,2.8182,8
org.apache.xalan.xpath.xml.FormatterToHTML,5,2,0,3,7,0,1,2,5,0.25,42,0,0,0.966666667,0.4,0,0,7.2,1,0.2,0
org.apache.xpath.functions.FuncId,3,4,0,11,27,3,0,11,2,2,169,0,0,0.96,0.476190476,1,7,55.33333333,8,3,1
org.apache.xml.dtm.ref.sax2dtm.SAX2RTFDTM,9,5,0,11,32,8,2,9,8,0.78125,392,0.25,6,0.954285714,0.26984127,2,20,41.66666667,10,2.8889,1
org.apache.xalan.processor.XSLProcessorVersion,3,1,0,2,9,1,2,0,2,1,67,0,0,0,0.5,0,0,19,1,0.3333,1
org.apache.xalan.templates.ElemSort,15,3,0,7,26,53,2,5,15,0.785714286,164,1,5,0.933333333,0.293333333,2,6,9.6,2,1,1
org.apache.xalan.templates.ElemExtensionDecl,14,3,0,10,42,27,1,9,14,0.666666667,290,1,2,0.937799043,0.25,3,4,19.5,2,1.0714,1
org.apache.xalan.processor.ProcessorAttributeSet,3,4,0,7,19,3,1,6,2,2,54,0,0,0.990566038,0.666666667,2,3,17,1,0.6667,0
org.apache.xalan.templates.WhiteSpaceInfo,4,4,1,9,8,4,7,4,4,0.666666667,30,1,0,0.99086758,0.45,0,0,6.25,1,0.5,0
org.apache.xalan.xsltc.cmdline.getopt.GetOpt,5,1,0,6,36,0,3,5,5,0.65,330,1,2,0,0.466666667,0,0,64,3,1.6,0
org.apache.xml.res.XMLErrorResources_it,3,4,0,1,4,1,0,1,2,1.3,875,0,0,0.976190476,1,0,0,289,1,0.3333,0
org.apache.xml.res.XMLErrorResources_ja,3,4,0,1,4,1,0,1,2,1.3,875,0,0,0.976190476,1,0,0,289,1,0.3333,0
org.apache.xml.utils.XMLChar,23,1,0,2,26,181,2,0,22,0.97979798,3198,0,0,0,0.25,0,0,137.6521739,17,3.913,1
org.apache.xalan.extensions.ExtensionHandlerGeneral,8,2,0,15,54,18,0,15,6,0.904761905,565,0.866666667,0,0.5,0.328571429,0,0,67.75,2,1,2
org.apache.xalan.templates.ElemExtensionScript,6,3,0,2,7,3,1,1,6,0.6,33,1,0,0.975124378,0.666666667,1,2,4.166666667,1,0.8333,1
org.apache.xpath.axes.WalkingIterator,17,5,1,17,41,0,8,11,16,0.4375,281,1,2,0.892857143,0.165775401,2,9,15.41176471,7,1.8824,1
org.apache.xalan.xsltc.compiler.Template,22,3,0,25,73,121,10,19,21,0.852380952,485,1,4,0.740740741,0.140495868,2,7,20.59090909,8,2.0455,3
org.apache.xml.utils.res.XResources_sv,3,4,0,1,4,1,0,1,2,0.5,314,0,0,0.976190476,1,0,0,103.3333333,1,0.3333,1
org.apache.xalan.trace.SelectionEvent,1,1,1,8,2,0,4,4,1,2,28,0,4,0,1,0,0,21,0,0,1
org.apache.xpath.functions.FuncNamespace,2,5,0,5,11,1,0,5,2,2,65,0,0,0.982142857,0.75,3,8,31.5,1,0.5,1
org.apache.xml.serializer.TransformStateSetter,2,1,0,4,2,1,4,0,2,2,2,0,0,0,0.666666667,0,0,0,1,1,0
org.apache.xpath.compiler.FunctionTable,5,1,0,7,14,0,3,4,4,1.211538462,391,0.051282051,1,0,0.375,0,0,69.4,2,0.8,0
org.apache.xalan.processor.ProcessorGlobalVariableDecl,3,5,0,6,10,3,1,5,1,2,30,0,0,0.990697674,0.583333333,1,2,9,1,0.6667,0
org.apache.xalan.xsltc.compiler.util.FilterGenerator,4,4,0,6,6,2,2,4,3,0.666666667,29,1,0,0.975903614,0.466666667,0,0,5.75,1,0.5,0
org.apache.xpath.axes.WalkerFactory,51,1,0,25,114,1275,11,23,40,1.02,2140,0,0,0,0.181372549,0,0,40.45098039,18,3.3333,1
org.apache.xpath.axes.SubContextList,2,1,0,7,2,1,7,1,2,2,2,0,0,0,1,0,0,0,1,1,1
org.apache.xml.dtm.ref.DTMChildIterNodeList,4,2,0,3,8,0,1,2,3,0.333333333,62,1,1,0.5,0.583333333,0,0,14,4,1.5,0
org.apache.xpath.objects.XNodeSet,33,4,3,45,76,472,26,20,31,0.96875,610,0,6,0.801470588,0.173611111,3,30,17.3030303,2,1.1515,1
org.apache.xpath.objects.Comparator,3,1,6,8,4,3,7,1,0,2,6,0,0,0,0.555555556,0,0,1,1,0.6667,0
org.apache.xalan.templates.ElemNumber,42,3,0,29,135,617,5,27,27,0.860310421,2384,1,9,0.830508475,0.136298422,2,7,55.5,26,2.0952,1
org.apache.xpath.compiler.OpCodes,1,1,0,0,2,0,0,0,1,2,68,0.015625,0,0,1,0,0,3,0,0,1
org.apache.xalan.xsltc.compiler.ApplyTemplates,6,3,0,27,62,0,2,27,5,0.65,379,1,3,0.918032787,0.305555556,1,6,61.5,13,3.3333,1
org.apache.xml.dtm.ref.DTMSafeStringPool,5,2,0,1,15,10,0,1,5,2,305,0,0,0.5,0.35,2,5,60,8,2.2,0
org.apache.xpath.compiler.XPathParser,58,1,0,13,94,0,4,10,5,0.679425837,3321,0.454545455,2,0,0.163793103,0,0,56.06896552,6,1.4828,2
org.apache.xml.res.XMLErrorResources_fr,3,4,0,1,4,1,0,1,2,1.3,875,0,0,0.976190476,1,0,0,289,1,0.3333,0
org.apache.xalan.xsltc.compiler.LogicalExpr,10,3,0,18,41,0,0,18,9,0.62962963,362,0.666666667,2,0.898734177,0.26984127,2,9,34.6,8,2.4,0
org.apache.xpath.functions.FunctionOneArg,11,3,15,22,20,0,15,7,10,0.3,113,0,1,0.791666667,0.345454545,2,4,9.181818182,6,1.5455,1
org.apache.xalan.processor.ProcessorPreserveSpace,2,4,1,9,14,1,2,7,1,2,50,0,0,0.995260664,0.625,2,2,24,1,0.5,0
org.apache.xpath.operations.Plus,3,3,0,7,7,3,2,5,3,2,25,0,0,0.953488372,0.555555556,1,1,7.333333333,1,0.6667,0
org.apache.xml.utils.XMLStringDefault,38,1,0,4,68,0,3,1,38,0.081081081,267,1,0,0,0.192105263,1,1,6,2,1,0
org.apache.xalan.transformer.TreeWalker2Result,4,2,0,7,24,0,1,6,2,0.444444444,146,0,2,0.727272727,0.5625,1,4,34.75,1,0.75,1
org.apache.xalan.xsltc.compiler.IntExpr,4,3,0,11,14,0,0,11,4,0.333333333,44,1,0,0.959459459,0.4,2,7,9.75,1,0.75,0
org.apache.xalan.xsltc.dom.AdaptiveResultTreeImpl,121,3,0,16,345,0,2,15,118,0.808333333,1630,1,3,0.633846154,0.134444444,1,18,12.41322314,2,1.7603,1
org.apache.xml.utils.StringToStringTableVector,10,1,0,1,14,0,0,1,10,0.472222222,180,1,1,0,0.4,0,0,16.6,3,1.6,1
org.apache.xml.dtm.ref.IncrementalSAXSource_Xerces,14,1,0,9,51,27,1,8,10,0.596153846,749,0.05,0,0,0.162393162,0,0,51.07142857,9,1.5,0
org.apache.xpath.compiler.Keywords,3,1,0,4,9,1,4,0,2,1.456896552,583,0.896551724,0,0,0.5,0,0,174,3,1,1
org.apache.xalan.transformer.TransformerImpl,130,2,0,117,391,7393,66,68,122,0.942357384,3398,0.743589744,16,0.092198582,0.053123575,1,2,24.83846154,4,1.3231,9
org.apache.xalan.xsltc.compiler.LocationPathPattern,13,4,3,13,19,64,5,8,13,0.854166667,107,1,1,0.878787879,0.230769231,2,3,6.923076923,6,1.4615,0
org.apache.xalan.xsltc.trax.TemplatesHandlerImpl,17,1,0,9,61,0,1,9,16,0.75,283,1,2,0,0.22875817,0,0,15.35294118,8,1.3529,1
org.apache.xalan.templates.ElemTemplate,22,3,2,27,46,189,22,11,22,0.942857143,179,0.8,4,0.903225806,0.181818182,2,14,6.681818182,1,0.9545,1
org.apache.xml.utils.ObjectPool,7,1,0,4,20,0,2,2,7,0.166666667,119,1,0,0,0.342857143,0,0,15.71428571,2,0.7143,1
org.apache.xalan.lib.NodeInfo,9,1,0,3,20,36,0,3,9,2,204,0,0,0,0.333333333,0,0,21.66666667,4,2.6667,0
org.apache.xalan.xsltc.compiler.Expression,18,2,22,83,43,115,64,21,17,0.838235294,238,1,3,0.76056338,0.285714286,1,2,12,6,1.4444,1
org.apache.xalan.xsltc.compiler.util.ResultTreeType,22,2,0,40,59,185,9,33,21,0.523809524,728,1,0,0.622641509,0.199300699,2,4,32.04545455,7,1.6364,0
org.apache.xalan.xsltc.dom.SingleNodeCounter,5,2,1,5,16,2,1,5,4,0.625,110,0.5,1,0.823529412,0.5,1,4,20.6,9,2.2,0
org.apache.xalan.xsltc.compiler.IdKeyPattern,9,5,2,25,29,22,3,23,9,0.75,214,1,1,0.925233645,0.259259259,3,4,22.44444444,2,1,0
org.apache.xml.utils.res.XResources_ka,3,4,0,1,4,1,0,1,2,0.5,614,0,0,0.976190476,1,0,0,203.3333333,1,0.3333,1
org.apache.xalan.templates.ElemAttribute,9,5,0,9,31,36,2,7,6,2,161,0,0,0.963800905,0.314814815,4,10,16.88888889,16,3,3
org.apache.xpath.axes.ReverseAxesWalker,9,5,0,7,26,28,1,6,5,0.5,207,1,1,0.927927928,0.416666667,2,8,21.88888889,4,1.7778,0
org.apache.xalan.serialize.SerializerUtils,7,1,0,12,37,21,5,7,7,2,250,0,0,0,0.404761905,0,0,34.71428571,4,1.2857,1
org.apache.xalan.xsltc.compiler.FormatNumberCall,3,4,0,22,24,0,0,22,3,0,191,1,4,0.979591837,0.444444444,3,13,61.33333333,3,1.3333,0
org.apache.xalan.xsltc.compiler.RelationalExpr,10,3,0,31,54,0,0,31,10,0.185185185,600,1,2,0.8875,0.257142857,2,9,58.7,7,2.5,0
org.apache.xalan.xsltc.DOM,43,1,0,36,43,903,32,5,43,1.023809524,51,0,0,0,0.261627907,0,0,0,1,1,0
org.apache.xml.serializer.ToTextStream,24,3,0,3,44,258,2,1,22,2,376,0,0,0.880208333,0.361111111,2,14,14.66666667,1,0.9583,1
org.apache.xpath.axes.NodeSequence,37,3,1,9,68,212,1,8,34,0.625,711,1,2,0.682692308,0.171171171,2,9,18.10810811,12,2.2973,0
org.apache.xalan.xsltc.compiler.util.StringStack,4,5,0,0,8,6,0,0,4,2,20,0,0,0.963855422,0.625,0,0,4,1,0.75,0
org.apache.xalan.processor.ProcessorDecimalFormat,2,4,0,6,9,1,1,5,1,2,27,0,0,0.995260664,0.625,2,2,12.5,1,0.5,2
org.apache.xalan.xsltc.dom.SortingIterator,11,2,0,5,26,0,0,5,8,0.666666667,272,1,3,0.565217391,0.309090909,1,7,23.18181818,4,1.6364,0
org.apache.xalan.xsltc.runtime.ErrorMessages_no,3,3,0,0,4,1,0,0,2,0.5,195,1,0,0.974358974,1,0,0,63.66666667,1,0.3333,0
org.apache.xml.utils.res.XResources_el,3,4,0,1,4,1,0,1,2,0.5,575,0,0,0.976190476,1,0,0,190.3333333,1,0.3333,1
org.apache.xml.dtm.DTMDOMException,2,5,0,3,3,1,3,0,2,2,12,0,0,1,0.833333333,0,0,5,0,0,1
org.apache.xml.utils.res.XResources_es,3,4,0,1,4,1,0,1,2,0.5,314,0,0,0.976190476,1,0,0,103.3333333,1,0.3333,1
org.apache.xalan.res.XSLTErrorResources_es,3,4,0,1,4,1,0,1,2,1.423076923,3769,0,0,0.976190476,1,0,0,1251,1,0.3333,0
org.apache.xpath.operations.Gt,2,3,0,4,4,1,1,3,2,2,13,0,0,0.976190476,0.75,1,1,5.5,1,0.5,0
org.apache.xalan.xsltc.compiler.util.NodeType,22,2,0,42,54,199,13,32,20,0.571428571,466,1,0,0.622641509,0.215909091,2,4,20.13636364,7,1.4091,0
org.apache.xpath.objects.XStringForChars,12,4,0,4,22,4,1,3,11,0.484848485,148,0.333333333,0,0.921875,0.25,3,15,11.08333333,2,1,0
org.apache.xpath.axes.WalkingIteratorSorted,5,6,0,5,13,0,1,5,3,0.25,129,1,0,0.979020979,0.366666667,1,1,24.6,17,4,1
org.apache.xalan.templates.NamespaceAlias,10,3,0,6,12,37,6,2,10,0.888888889,52,1,0,0.956097561,0.4,1,1,3.8,1,0.9,0
org.apache.xml.utils.res.XResources_fr,3,4,0,1,4,1,0,1,2,0.5,314,0,0,0.976190476,1,0,0,103.3333333,1,0.3333,1
org.apache.xalan.xsltc.compiler.util.ErrorMsg,16,1,0,52,31,0,52,2,12,1.024836601,470,0.049019608,0,0,0.411111111,0,0,22,3,0.6875,2
org.apache.xalan.transformer.TrAXFilter,8,2,0,3,36,0,1,2,7,0.5,203,1,1,0.829268293,0.25,1,6,24.125,6,1.625,1
org.apache.xalan.res.XSLTErrorResources_zh_TW,3,4,0,1,4,1,0,1,2,1.423076923,3769,0,0,0.976190476,1,0,0,1251,1,0.3333,0
org.apache.xml.res.XMLMessages,8,1,1,33,22,18,33,0,6,0.828571429,183,1,0,0,0.314285714,0,0,21.25,7,1.875,1
org.w3c.dom.xpath.XPathEvaluator,3,1,0,0,3,3,0,0,3,2,3,0,0,0,0.611111111,0,0,0,1,1,0
org.apache.xml.utils.NameSpace,1,1,0,1,2,0,1,0,1,2,16,0,1,0,1,0,0,12,0,0,1
org.apache.xpath.operations.Bool,3,3,0,6,7,3,1,5,3,2,24,0,0,0.952380952,0.555555556,1,1,7,1,0.6667,0
org.apache.xalan.xsltc.compiler.ConcatCall,3,4,0,19,22,3,0,19,3,2,131,0,0,0.979591837,0.444444444,3,14,42.66666667,5,2,0
org.apache.xalan.lib.Redirect,7,1,0,12,45,1,0,12,4,0.75,499,0.5,0,0,0.571428571,0,0,69.71428571,7,1.7143,0
org.apache.xalan.xsltc.compiler.Whitespace,14,3,0,30,79,79,1,29,7,1.030769231,805,0.3,0,0.821917808,0.207142857,2,6,55.78571429,11,3.5714,0
org.apache.xml.serializer.ToXMLStream,14,3,0,8,79,57,2,6,11,0.961538462,648,1,1,0.933701657,0.538461538,3,29,45.14285714,9,1.4286,1
org.apache.xalan.trace.PrintTraceListener,7,1,0,18,53,9,1,17,7,0.722222222,609,0,0,0,0.333333333,0,0,85.14285714,10,2.4286,1
org.apache.xalan.xsltc.compiler.VariableBase,19,3,2,29,61,99,14,18,18,0.907407407,335,1,3,0.769230769,0.190789474,1,5,16,7,1.7368,2
org.apache.xalan.xsltc.compiler.Step,16,4,0,30,69,10,5,28,13,0.566666667,787,1,0,0.829545455,0.232142857,2,9,47.9375,16,3.3125,2
org.apache.xalan.xsltc.compiler.UnresolvedRef,7,4,0,16,22,0,0,16,5,0.625,153,1,4,0.926829268,0.30952381,2,4,20.28571429,6,1.7143,0
org.apache.xpath.operations.Lt,2,3,0,4,4,1,1,3,2,2,13,0,0,0.976190476,0.75,1,1,5.5,1,0.5,0
org.apache.xpath.objects.NotEqualComparator,3,2,0,3,5,3,1,2,0,2,22,0,0,0.5,0.555555556,0,0,6.333333333,2,1.3333,0
org.apache.xpath.functions.FuncSubstringBefore,2,5,0,5,8,1,0,5,2,2,34,0,0,0.98245614,0.75,1,6,16,1,0.5,1
org.apache.xalan.templates.OutputProperties,35,3,0,15,75,323,9,7,35,0.205882353,556,1,0,0.859649123,0.234920635,0,0,14.85714286,13,1.9429,2
org.apache.xml.serializer.ToXMLSAXHandler,44,3,0,8,95,716,3,5,40,0.930232558,683,1,0,0.730263158,0.15034965,2,13,14.5,1,0.9318,4
org.apache.xalan.templates.ElemEmpty,1,3,0,1,2,0,0,1,1,2,4,0,0,1,1,0,0,3,0,0,1
org.apache.xalan.res.XSLTErrorResources_ja,3,4,0,1,4,1,0,1,2,1.423076923,3769,0,0,0.976190476,1,0,0,1251,1,0.3333,0
org.apache.xml.serializer.ElemDesc,4,1,0,2,8,0,1,1,0,1.269230769,80,0,1,0,0.833333333,0,0,12.5,3,1.75,0
org.apache.xalan.res.XSLTErrorResources,5,3,10,10,16,8,10,0,3,1.24795082,4275,0,0,0.926829268,0.333333333,0,0,805.2,2,0.8,2
org.apache.xpath.axes.BasicTestIterator,7,5,2,8,24,21,2,7,2,2,163,0,0,0.9765625,0.371428571,2,4,22.28571429,11,1.8571,0
org.apache.xalan.xsltc.compiler.UnsupportedElement,7,2,0,11,24,5,1,11,6,0.583333333,131,1,2,0.9,0.238095238,1,5,17.42857143,6,1.8571,1
org.apache.xalan.xsltc.compiler.Closure,4,1,0,6,4,6,6,1,4,2,4,0,0,0,0.625,0,0,0,1,1,0
org.apache.xalan.templates.ElemText,6,3,0,4,11,9,3,1,6,0.6,49,1,0,0.975124378,0.444444444,2,6,7,3,1.1667,1
org.apache.xalan.xsltc.compiler.BooleanCall,3,4,0,8,11,0,0,8,3,0,51,1,1,0.979591837,0.444444444,3,13,15.66666667,2,1,0
org.apache.xpath.XPathProcessorException,2,5,0,4,4,1,3,1,2,2,11,0,0,1,0.833333333,0,0,4.5,0,0,1
org.apache.xalan.xsltc.dom.CurrentNodeListFilter,1,1,0,3,1,0,1,2,1,2,1,0,0,0,1,0,0,0,1,1,0
org.apache.xpath.operations.Minus,3,3,0,7,7,3,2,5,3,2,25,0,0,0.953488372,0.555555556,1,1,7.333333333,1,0.6667,0
org.apache.xalan.xsltc.compiler.util.MatchGenerator,10,5,0,9,16,27,1,8,9,0.844444444,79,1,0,0.945205479,0.263888889,2,5,6.4,2,0.9,0
org.apache.xpath.compiler.OpMap,22,1,1,5,38,67,2,3,21,0.873015873,384,0.166666667,2,0,0.327272727,0,0,16.18181818,8,1.5455,0
org.apache.xml.dtm.SecuritySupport12,5,2,0,5,13,10,5,5,4,2,45,0,0,0.692307692,0.45,0,0,8,1,0.8,0
org.apache.xalan.xsltc.dom.SAXImpl,71,6,0,62,215,2365,16,51,63,0.958128079,2049,1,5,0.748148148,0.151428571,3,8,27.45070423,10,2,4
org.apache.xml.utils.res.XResources_de,3,4,0,1,4,1,0,1,2,0.5,314,0,0,0.976190476,1,0,0,103.3333333,1,0.3333,1
org.apache.xalan.res.XSLTErrorResources_ko,3,4,0,1,4,1,0,1,2,1.423076923,3769,0,0,0.976190476,1,0,0,1251,1,0.3333,0
org.apache.xml.utils.res.XResources_cy,3,4,0,1,4,1,0,1,2,0.5,583,0,0,0.976190476,1,0,0,193,1,0.3333,1
org.apache.xalan.xsltc.compiler.QName,10,1,0,56,18,17,56,0,10,0.777777778,106,1,0,0,0.4,1,1,9.1,2,1,0
org.apache.xalan.templates.ElemCopyOf,9,3,0,21,45,6,1,20,8,0.375,217,0,1,0.960784314,0.238095238,2,6,23,2,1,1
org.apache.xalan.xsltc.compiler.UseAttributeSets,4,3,0,19,30,0,5,15,4,0.833333333,127,1,0,0.949152542,0.416666667,1,4,30.25,4,2,1
org.apache.xpath.functions.Function2Args,9,4,7,15,23,6,8,8,8,0.375,123,0,1,0.857142857,0.355555556,3,9,12.55555556,6,1.7778,1
org.apache.xpath.objects.XBoolean,10,3,1,27,18,3,25,3,9,0.777777778,98,0,2,0.91025641,0.333333333,2,22,8.5,3,1.2,1
org.apache.xpath.axes.UnionPathIterator,16,5,0,22,54,46,4,21,13,0.6,560,1,2,0.899280576,0.2,2,13,33.875,9,2.4375,2
org.apache.xalan.xsltc.compiler.TestSeq,11,1,0,13,45,0,1,13,9,0.633333333,360,1,2,0,0.222222222,0,0,31.18181818,11,2.4545,0
org.apache.xml.dtm.ref.ExpandedNameTable,13,1,0,23,25,2,21,2,10,0.949275362,383,0.391304348,4,0,0.555555556,0,0,26.69230769,9,2,1
org.apache.xml.serializer.WriterToUTF8,7,2,0,1,13,0,1,0,7,0.583333333,214,1,0,0.684210526,0.342857143,1,2,29.28571429,1,0.8571,0
org.apache.xpath.operations.Quo,2,3,0,4,5,1,1,3,2,2,16,0,0,0.976190476,0.75,1,1,7,1,0.5,0
org.apache.xpath.FoundIndex,1,4,0,0,2,0,0,0,1,2,4,0,0,1,1,0,0,3,0,0,1
org.apache.xpath.axes.FilterExprWalker,18,5,0,19,48,13,5,15,16,0.735294118,244,1,2,0.858333333,0.185185185,4,14,12.33333333,3,1.3889,0
org.apache.xalan.xsltc.compiler.Include,5,3,0,14,51,4,1,14,4,0.5,332,1,1,0.9375,0.36,2,5,65.2,14,3.4,2
org.apache.xalan.processor.StylesheetHandler,70,2,0,46,152,2107,25,24,33,0.93812709,1315,0.730769231,5,0.2,0.108695652,1,1,17.41428571,7,1.3,4
org.apache.xalan.xsltc.dom.DocumentCache,10,1,0,7,52,17,1,7,4,0.654320988,402,1,1,0,0.2875,0,0,38.3,7,2,1
org.apache.xml.dtm.DTMAxisIterator,12,1,0,78,12,66,78,0,12,1.090909091,13,0,0,0,0.416666667,0,0,0,1,1,0
org.apache.xalan.lib.sql.QueryParameter,5,1,0,1,6,0,1,0,5,0.5,30,1,0,0,0.8,0,0,4.6,1,0.8,1
org.apache.xalan.xsltc.compiler.If,5,3,0,16,28,0,2,15,4,0.25,129,1,1,0.933333333,0.333333333,1,5,24.4,5,1.8,0
org.apache.xalan.processor.WhitespaceInfoPaths,4,5,0,4,6,0,2,2,3,0.333333333,23,1,0,0.986486486,0.5,0,0,4.5,1,0.75,0
org.apache.xalan.xsltc.compiler.util.IntType,28,3,0,46,63,374,8,40,26,1,422,0,0,0.564516129,0.181547619,1,3,14.03571429,10,1.6786,0
org.apache.xalan.xsltc.compiler.util.NodeSetType,21,2,0,41,49,190,15,29,19,2,516,0,0,0.622641509,0.238095238,2,4,23.57142857,7,1.619,0
org.apache.xalan.xpath.xml.FormatterToText,2,2,0,2,4,1,1,1,2,1,14,1,0,0.966666667,0.75,0,0,5.5,1,0.5,0
org.apache.xml.utils.res.XResources_ja_JP_A,3,4,0,1,4,1,0,1,2,0.5,599,0,0,0.976190476,1,0,0,198.3333333,1,0.3333,1
org.apache.xml.utils.res.XResources_hy,3,4,0,1,4,1,0,1,2,0.5,614,0,0,0.976190476,1,0,0,203.3333333,1,0.3333,1
org.apache.xalan.templates.ElemValueOf,11,3,0,16,41,15,3,14,10,0.7,228,1,1,0.951456311,0.233766234,2,6,19.45454545,4,1.2727,1
org.apache.xalan.xsltc.runtime.Parameter,2,1,0,2,3,0,2,0,2,0,29,0,0,0,0.875,0,0,12,0,0,0
org.apache.xalan.xsltc.compiler.FlowList,7,1,0,29,17,0,26,3,7,0,155,1,0,0,0.464285714,0,0,21,4,1.8571,0
org.apache.xalan.res.XSLTErrorResources_fr,3,4,0,1,4,1,0,1,2,1.423076923,3769,0,0,0.976190476,1,0,0,1251,1,0.3333,0
org.apache.xpath.axes.UnionChildIterator,3,7,0,9,14,0,1,8,3,0,119,1,0,0.985185185,0.555555556,3,3,38.33333333,5,2.3333,1
org.apache.xalan.xpath.xml.ProblemListener,2,1,0,3,2,1,3,0,2,2,10,0,0,0,0.666666667,0,0,0,1,1,0
org.apache.xpath.functions.FuncExtFunction,13,3,0,22,30,16,12,12,12,0.791666667,207,0,0,0.76,0.205128205,2,9,14.61538462,3,1.3846,2
org.apache.xalan.xsltc.dom.DOMWSFilter,2,1,0,9,10,0,2,7,2,0.4,110,1,4,0,0.625,0,0,51.5,9,4.5,0
org.apache.xpath.functions.FuncNormalizeSpace,3,5,0,6,11,3,0,6,3,2,45,0,0,0.964912281,0.666666667,2,7,14,1,0.6667,1
org.apache.xalan.xsltc.compiler.FloorCall,2,4,0,10,10,1,0,10,2,2,26,0,0,0.989690722,0.6,2,4,12,1,0.5,0
org.apache.xalan.templates.KeyDeclaration,9,3,0,11,17,16,7,6,9,0.75,79,1,3,0.960784314,0.296296296,1,2,7.444444444,1,0.8889,2
org.apache.xml.utils.res.XResources_zh_CN,3,4,0,1,4,1,0,1,2,0.5,499,0,0,0.976190476,1,0,0,165,1,0.3333,1
org.apache.xalan.xslt.XSLTEngineImpl,82,1,0,45,244,2147,6,41,72,0.882716049,2845,0.625,4,0,0.086934156,0,0,33.5,4,1.1707,0
org.apache.xpath.operations.And,3,3,0,6,7,1,1,5,3,2,42,0,0,0.953488372,0.833333333,1,6,13,1,0.6667,0
org.apache.xalan.templates.ElemApplyImport,5,3,0,7,17,10,1,6,5,2,69,0,0,0.98,0.466666667,2,6,12.8,1,0.8,1
org.apache.xpath.XPathContext,78,2,1,173,145,2203,156,23,76,0.93452381,1077,0.791666667,13,0.2,0.06993007,0,0,12.5,5,1.2949,3
org.apache.xalan.lib.sql.ConnectionPoolManager,6,1,0,3,16,0,1,2,5,0.3,69,0,0,0,0.6,0,0,10.16666667,3,1.3333,1
org.apache.xalan.xsltc.dom.ExtendedSAX,0,1,0,1,0,0,1,0,0,2,0,0,0,0,0,0,0,0,0,0,0
org.apache.xalan.processor.XSLTSchema,6,2,0,27,47,3,5,25,2,0.7875,2717,0.03125,0,0.848484848,0.444444444,1,1,446.5,38,7,1
org.apache.xalan.xsltc.compiler.util.ErrorMessages_no,3,4,0,1,4,1,0,1,2,0.5,1014,1,0,0.975,1,0,0,336.6666667,1,0.3333,0
org.apache.xalan.xsltc.compiler.AncestorPattern,10,6,0,30,48,1,2,28,10,0.518518519,302,1,2,0.925233645,0.242857143,4,5,28.9,8,1.6,0
org.apache.xpath.patterns.ContextMatchStepPattern,3,4,0,8,16,3,1,8,3,2,176,0,0,0.975903614,0.583333333,2,12,57.66666667,1,0.6667,0
org.apache.xalan.xsltc.compiler.util.TypeCheckError,7,3,0,89,13,0,88,2,7,0.083333333,98,0,2,0.85,0.371428571,1,2,12.71428571,3,0.7143,0
org.apache.xalan.xsltc.compiler.NameCall,3,5,0,9,11,3,0,9,3,2,37,0,0,0.99,0.533333333,3,5,11.33333333,1,0.3333,0
org.apache.xalan.xsltc.dom.NodeSortRecordFactory,5,1,0,7,14,4,2,6,4,0.75,126,1,2,0,0.416666667,0,0,22.6,1,0.6,1
org.apache.xpath.objects.XRTreeFrag,19,3,1,21,42,83,6,15,18,0.6,332,0.2,3,0.816091954,0.184210526,2,24,16.21052632,9,1.6842,1
org.apache.xalan.xsltc.dom.CurrentNodeListIterator,13,2,0,6,31,14,0,6,12,0.583333333,268,1,4,0.541666667,0.307692308,1,8,19.07692308,3,1.4615,0
org.apache.xpath.functions.FuncLang,2,4,0,6,15,1,0,6,2,2,73,0,0,0.979591837,0.75,1,6,35.5,1,0.5,1
org.apache.xpath.functions.FuncUnparsedEntityURI,2,4,0,6,10,1,0,6,2,2,30,0,0,0.979591837,0.75,1,6,14,1,0.5,1
org.apache.xalan.templates.ElemApplyTemplates,9,5,0,23,82,20,2,22,9,0.6875,571,1,1,0.965811966,0.311111111,5,10,62.22222222,1,0.8889,2
org.apache.xalan.xsltc.dom.UnionIterator,9,2,0,6,25,0,1,5,8,0.517857143,401,1,2,0.619047619,0.361111111,1,6,42.77777778,6,2.8889,2
org.apache.xml.dtm.ref.dom2dtm.DOM2DTM,39,4,0,18,119,617,1,18,30,0.870813397,1667,0.545454545,1,0.712121212,0.142857143,2,17,41.46153846,42,4.6154,0
org.apache.xml.dtm.ref.DTMDocumentImpl,110,1,0,13,149,5191,0,13,96,0.943807339,1849,0.666666667,8,0,0.11983945,0,0,15.59090909,10,1.5364,1
org.apache.xalan.xsltc.compiler.EqualityExpr,12,3,0,37,49,0,1,36,11,0.333333333,836,1,2,0.865853659,0.238095238,2,8,68.41666667,18,3.25,0
org.apache.xalan.xsltc.runtime.Constants,0,1,0,1,0,0,1,0,0,2,14,0,0,0,0,0,0,0,0,0,0
org.apache.xalan.xsltc.compiler.ParentPattern,8,6,0,26,43,0,1,25,8,0.285714286,253,1,2,0.933962264,0.25,4,5,30.375,8,1.75,0
org.apache.xalan.xsltc.compiler.util.StringType,19,2,0,41,47,151,18,27,17,1,286,0,0,0.647058824,0.247368421,2,4,14,4,1.3158,0
org.apache.xml.utils.synthetic.reflection.Member,4,1,0,6,4,6,4,2,4,2,4,0,0,0,0.5,0,0,0,1,1,1
org.apache.xalan.xsltc.runtime.MessageHandler,2,1,1,3,4,1,3,0,2,2,9,0,0,0,0.75,0,0,3.5,1,0.5,0
org.apache.xalan.lib.sql.PooledConnection,5,1,0,1,9,0,1,0,5,0.5,41,1,0,0,0.466666667,0,0,6.8,1,0.8,1
org.apache.xalan.trace.EndSelectionEvent,1,2,0,8,2,0,3,5,1,2,10,0,0,0,1,0,0,9,0,0,1
org.apache.xalan.xsltc.compiler.util.ReferenceType,20,2,0,41,46,184,19,29,19,2,448,0,0,0.634615385,0.230769231,2,4,21.4,8,1.75,0
org.apache.xalan.xsltc.cmdline.Transform,10,1,0,12,71,17,0,12,6,0.788888889,665,1,1,0,0.277777778,0,0,64.5,15,3.4,0
org.apache.xalan.templates.VarNameCollector,5,2,0,5,12,0,1,4,4,0,34,0,0,0.75,0.4,0,0,5.6,1,0.8,0
org.apache.xml.utils.MutableAttrListImpl,5,2,0,1,18,10,1,0,5,2,107,0,0,0.888888889,0.6,1,2,20.4,4,1.8,1
org.apache.xalan.xsltc.compiler.StartsWithCall,3,4,0,16,17,0,0,16,3,0,108,1,2,0.979591837,0.444444444,3,13,34.33333333,1,0.6667,0
org.apache.xalan.xsltc.compiler.AttributeSet,8,3,0,24,54,6,3,23,7,0.80952381,279,1,3,0.895522388,0.3,2,5,33.125,7,2.25,2
org.apache.xalan.extensions.ExpressionVisitor,2,2,0,7,6,0,1,6,2,0,23,1,1,0.923076923,0.625,0,0,10,2,1,2
org.apache.xalan.xsltc.compiler.CompilerException,4,3,0,2,9,0,2,0,4,0.333333333,40,1,0,0.944444444,0.5,1,1,8.75,2,0.5,0
org.apache.xalan.xsltc.compiler.Choose,3,3,0,24,37,3,2,23,2,2,245,0,0,0.965517241,0.5,2,4,80.66666667,15,5.3333,0
org.apache.xalan.transformer.TransformState,7,1,0,6,7,21,3,3,7,2,7,0,0,0,1,0,0,0,1,1,0
org.apache.xalan.xsltc.compiler.ProcessingInstructionPattern,7,7,0,23,40,1,0,23,7,0.583333333,297,1,0,0.951612903,0.314285714,5,11,41.14285714,4,1.5714,0
org.apache.xml.utils.synthetic.reflection.EntryPoint,22,1,2,5,49,71,2,5,20,0.706349206,827,0.833333333,4,0,0.272727273,1,1,36.04545455,16,2.7727,1
org.apache.xpath.operations.NotEquals,2,3,0,4,4,1,1,3,2,2,13,0,0,0.976190476,0.75,1,1,5.5,1,0.5,0
org.apache.xalan.extensions.XSLProcessorContext,7,1,1,26,49,5,6,20,7,0.733333333,321,1,4,0,0.392857143,0,0,44.14285714,1,0.8571,1
org.apache.xpath.XPathVisitor,13,1,5,43,14,78,40,13,13,2,40,0,0,0,0.203296703,0,0,2.076923077,1,0.9231,0
org.apache.xalan.xsltc.compiler.LocalNameCall,3,5,0,10,13,3,0,10,3,2,50,0,0,0.99,0.533333333,3,5,15.66666667,1,0.3333,0
org.apache.xalan.xsltc.cmdline.getopt.GetOptsException,1,3,2,3,2,0,3,0,1,2,5,0,0,1,1,0,0,4,0,0,0
org.apache.xalan.xsltc.dom.NodeCounter,15,1,3,8,39,91,4,4,7,0.811688312,833,0.818181818,3,0,0.267857143,0,0,53.06666667,14,3.6,0
org.apache.xpath.functions.FuncExtElementAvailable,2,4,0,10,17,1,0,10,2,2,87,0,0,0.979591837,0.75,2,7,42.5,1,0.5,1
org.apache.xml.dtm.FactoryFinder,7,1,0,3,35,11,1,2,0,0.611111111,395,0.666666667,0,0,0.333333333,0,0,55,2,0.8571,0
org.apache.xml.dtm.DTMAxisTraverser,5,1,12,31,6,10,31,0,5,2,19,0,0,0,0.9,0,0,2.8,1,0.8,0
org.apache.xpath.axes.AttributeIterator,3,7,0,4,6,3,1,3,1,2,31,0,0,0.985185185,0.555555556,3,5,9.333333333,2,1,1
org.apache.xalan.xsltc.compiler.CopyOf,5,3,0,24,32,0,1,23,4,0.25,269,1,1,0.933333333,0.333333333,1,4,52.6,5,1.8,0
org.apache.xalan.xsltc.compiler.Output,8,3,0,19,43,0,2,19,7,0.847619048,734,1,0,0.895522388,0.270833333,3,7,88.875,29,5.875,1
org.apache.xpath.SourceTree,1,1,0,1,2,0,1,0,1,2,12,0,0,0,1,0,0,9,0,0,1
org.apache.xalan.xsltc.compiler.util.CompareGenerator,11,5,0,16,23,37,3,13,10,0.916666667,141,1,0,0.93877551,0.225,2,5,10.72727273,2,0.9091,0
org.apache.xpath.axes.ChildIterator,4,5,0,5,9,6,1,4,3,2,64,0,0,0.9765625,0.4375,1,6,15,4,1.5,1
org.apache.xml.utils.Trie,3,1,0,2,8,0,2,1,3,0.75,100,0,1,0,0.666666667,0,0,31.66666667,4,2.3333,1
org.apache.xalan.xpath.XPathSupportDefault,1,3,0,2,2,0,0,2,1,2,4,0,0,1,1,0,0,3,0,0,0
org.apache.xpath.Arg,15,1,0,3,21,0,1,2,15,0.628571429,158,1,2,0,0.311111111,0,0,9.2,2,0.8667,1
org.apache.xalan.xsltc.compiler.RealExpr,4,3,0,11,14,0,0,11,4,0.333333333,44,1,0,0.959459459,0.4,2,7,9.75,1,0.75,0
org.apache.xalan.trace.GenerateEvent,5,1,0,4,6,0,4,1,5,0.6875,82,0,1,0,0.666666667,0,0,13.8,0,0,1
org.apache.xml.dtm.ref.DTMNamedNodeMap,9,1,0,3,16,24,2,2,9,0.708333333,143,0,1,0,0.4,0,0,14.55555556,3,1.5556,1
org.apache.xml.serializer.SerializerBase,65,1,3,12,109,1852,3,9,46,0.965104167,842,0.933333333,4,0,0.13974359,0,0,11.49230769,9,1.4615,2
org.apache.xalan.xsltc.cmdline.getopt.MissingOptArgException,1,4,0,2,2,0,1,1,1,2,5,0,0,1,1,0,0,4,0,0,0
org.apache.xml.serializer.OutputPropertiesFactory,8,1,0,9,47,14,6,5,2,0.983516484,460,0.615384615,0,0,0.25,0,0,53.25,10,2.375,0
org.apache.xalan.xpath.XString,10,2,0,6,22,0,2,4,10,0.111111111,78,0,1,0.689655172,0.28,1,1,6.7,2,1,0
org.apache.xpath.axes.SelfIteratorNoPredicate,5,5,0,8,8,10,3,5,4,2,57,0,0,0.9765625,0.45,1,4,10.4,4,1.2,1
org.apache.xalan.xsltc.dom.XSLTCDTMManager,6,3,0,20,37,15,10,11,5,1.133333333,273,1,0,0.897435897,0.56,1,4,44,16,3.1667,0
org.apache.xalan.xsltc.trax.SAX2DOM,21,1,0,2,52,126,1,1,21,0.7625,322,1,0,0,0.265306122,0,0,14.14285714,7,1.381,0
org.apache.xalan.xsltc.compiler.util.MethodGenerator,27,4,6,137,49,311,122,15,27,0.978632479,432,1,1,0.788617886,0.159259259,1,2,14,4,1.2963,1
org.apache.xml.serializer.SerializationHandler,9,1,0,47,9,36,41,6,9,2,9,0,0,0,0.238095238,0,0,0,1,1,0
org.apache.xpath.functions.FuncBoolean,2,4,0,5,5,1,0,5,2,2,15,0,0,0.979591837,0.75,1,6,6.5,1,0.5,1
org.apache.xpath.patterns.NodeTestFilter,1,1,0,1,1,0,0,1,1,2,1,0,0,0,1,0,0,0,1,1,0
org.apache.xalan.xsltc.compiler.LangCall,4,4,0,17,17,0,0,17,4,0.666666667,84,1,2,0.96969697,0.375,3,8,19.5,2,1,0
org.apache.xalan.xsltc.dom.FilterIterator,9,2,0,4,24,0,0,4,9,0.625,109,1,2,0.619047619,0.288888889,1,6,10.77777778,3,1.2222,0
org.apache.xalan.xsltc.compiler.RelativePathPattern,1,5,3,7,2,0,6,1,0,2,4,0,0,1,1,0,0,3,0,0,0
org.apache.xpath.axes.AxesWalker,27,4,2,21,53,257,8,15,23,0.802884615,454,0.625,4,0.747572816,0.138888889,1,4,15.51851852,5,1.5926,0
org.apache.xpath.objects.GreaterThanOrEqualComparator,3,2,0,3,5,3,1,2,0,2,24,0,0,0.5,0.555555556,0,0,7,2,1.3333,0
org.apache.xalan.xsltc.compiler.SimpleAttributeValue,5,4,0,11,10,4,1,11,4,0.5,38,1,0,0.947368421,0.36,2,8,6.4,1,0.8,0
org.apache.xalan.xsltc.compiler.VariableRef,2,4,0,18,25,1,2,16,2,2,137,0,0,0.987012987,0.625,2,3,67.5,9,4.5,1
org.apache.xalan.xsltc.compiler.Message,4,3,0,19,26,0,0,19,3,0.333333333,311,1,0,0.949152542,0.4,2,6,76.5,6,2.25,0
org.apache.xalan.xpath.xdom.XercesLiaison,15,5,0,6,39,91,0,6,13,0.857142857,181,1,0,0.729166667,0.16,1,5,10.93333333,3,1.0667,0
org.apache.xpath.compiler.PsuedoNames,1,1,0,0,2,0,0,0,1,2,10,0,0,0,1,0,0,3,0,0,0
org.apache.xalan.transformer.TransformerHandlerImpl,36,1,0,10,100,0,2,9,33,0.817582418,914,0.923076923,2,0,0.176623377,0,0,24.02777778,7,1.1944,0
org.apache.xalan.templates.AVT,14,1,0,23,44,29,11,13,14,0.769230769,546,1,0,0,0.206349206,0,0,37.64285714,4,1.8571,1
org.apache.xpath.functions.FuncFalse,3,3,0,4,4,3,0,4,3,2,9,0,0,0.95,0.5,1,6,2,1,0.6667,1
org.apache.xalan.xsltc.compiler.LiteralElement,13,3,0,25,77,40,5,21,9,0.783333333,663,1,1,0.823529412,0.207692308,2,10,49.61538462,18,4.5385,2
org.apache.xpath.NodeSetDTM,56,2,2,25,84,714,18,7,56,0.739393939,839,0.833333333,1,0.363636364,0.160714286,1,4,13.875,9,1.5714,1
org.apache.xpath.compiler.Lexer,10,1,0,6,30,3,1,6,0,0.611111111,807,0.5,3,0,0.3125,0,0,79.1,11,2.8,0
org.apache.xalan.templates.ElemExsltFunction,10,4,0,16,31,15,4,12,10,0.666666667,198,1,1,0.960176991,0.25,4,7,18.5,1,0.9,3
org.apache.xml.utils.XMLStringFactoryDefault,6,2,0,4,10,13,0,4,5,0.8,41,1,1,0.5,0.4,0,0,5.666666667,1,0.6667,0
org.apache.xml.dtm.ref.CoroutineParser,8,1,0,1,8,28,0,1,8,2,8,0,0,0,0.28125,0,0,0,1,1,0
org.apache.xpath.operations.Variable,16,2,1,26,51,50,8,19,16,0.746666667,356,0.8,1,0.666666667,0.1875,2,10,20.9375,9,2.25,1
org.apache.xpath.compiler.XPathDumper,1,1,0,0,2,0,0,0,1,2,4,0,0,0,1,0,0,3,0,0,0
org.apache.xml.dtm.ref.DTMManagerDefault,16,2,1,27,85,76,8,22,16,0.8,728,0.8,2,0.558823529,0.215909091,1,1,44.1875,25,4.0625,0
org.apache.xalan.processor.ProcessorUnknown,3,5,0,3,4,3,1,2,3,2,8,0,0,0.990697674,0.666666667,1,2,1.666666667,1,0.6667,2
org.apache.xml.dtm.ref.ChunkedIntArray,9,1,0,3,24,0,2,2,0,0.892857143,353,0,1,0,0.62962963,0,0,37.44444444,3,1.4444,0
org.apache.xml.utils.ElemDesc,4,1,0,0,10,0,0,0,0,1.266666667,90,0,0,0,0.833333333,0,0,15.25,4,2,1
org.apache.xalan.xpath.XObject,22,1,6,15,42,0,9,6,19,0.238095238,140,0,1,0,0.265151515,0,0,5.318181818,1,0.9091,0
org.apache.xalan.xsltc.Translet,9,1,0,20,9,36,16,4,9,2,9,0,0,0,0.296296296,0,0,0,1,1,0
org.apache.xalan.xsltc.compiler.util.ObjectType,18,2,0,28,52,91,6,23,16,0.68627451,271,0.666666667,0,0.6875,0.222222222,2,3,13.88888889,2,1,0
org.apache.xalan.xsltc.compiler.BinOpExpr,7,3,0,14,36,0,0,14,6,0.814814815,242,0.444444444,2,0.934210526,0.285714286,2,8,32.28571429,3,1.1429,0
org.apache.xpath.functions.Function,9,2,7,21,15,36,15,8,8,2,51,0,0,0.789473684,0.285714286,1,7,4.666666667,2,1.1111,1
org.apache.xalan.extensions.ExtensionHandlerJavaPackage,7,3,0,10,47,9,0,10,6,1,658,0,0,0.571428571,0.349206349,2,5,92.71428571,7,1.8571,1
org.apache.xml.utils.XMLStringFactory,5,1,2,22,6,10,20,2,5,2,8,0,0,0,0.4,0,0,0.6,1,0.8,0
org.apache.xalan.templates.ElemComment,5,3,0,5,17,10,1,4,5,2,74,0,0,0.98,0.466666667,2,6,13.8,16,3.8,1
org.apache.xpath.res.XPATHErrorResources,5,3,10,10,16,8,10,0,3,1.246296296,2125,0,0,0.926829268,0.333333333,0,0,397,2,0.8,1
org.apache.xpath.axes.MatchPatternIterator,6,5,0,11,25,3,1,11,4,0.75,261,1,2,0.961538462,0.4,1,6,41.83333333,10,2.8333,0
org.apache.xpath.res.XPATHErrorResources_zh_TW,3,4,0,1,4,1,0,1,2,1.428571429,1872,0,0,0.976190476,1,0,0,618.3333333,1,0.3333,1
org.apache.xml.utils.synthetic.reflection.Method,6,2,0,5,16,13,3,4,6,2,58,0,0,0.863636364,0.388888889,2,3,8.666666667,1,0.5,1
org.apache.xalan.templates.RedundentExprEliminator,38,3,0,27,128,607,1,27,6,0.9,1849,0,2,0.357142857,0.194594595,0,0,47.39473684,15,3.7632,0
org.apache.xml.utils.TreeWalker,10,1,0,12,65,0,7,5,7,0.305555556,623,0.75,1,0,0.44,0,0,60.9,1,0.7,2
org.apache.xalan.lib.sql.SQLErrorDocument,4,5,0,4,13,0,1,3,2,0.636363636,179,1,0,0.989528796,0.55,1,1,41,1,0.5,0
org.apache.xml.res.XMLErrorResources_sv,3,4,0,1,4,1,0,1,2,1.3,875,0,0,0.976190476,1,0,0,289,1,0.3333,0
org.apache.xalan.processor.ProcessorStylesheetDoc,1,4,0,2,2,0,1,1,1,2,4,0,0,1,1,0,0,3,0,0,1
org.apache.xalan.templates.ElemTemplateElement,85,2,29,94,127,3140,83,17,74,0.912698413,1307,0.75,3,0.564766839,0.092041522,1,12,14.23529412,9,1.5529,4
org.apache.xml.utils.IntStack,12,2,0,11,20,24,10,1,12,2,153,0,0,0.64,0.527777778,1,14,11.75,2,1,1
org.apache.xalan.lib.sql.ConnectionPool,14,1,0,4,14,91,4,0,14,2,14,0,0,0,0.273809524,0,0,0,1,1,1
org.apache.xpath.NodeSet,61,1,0,10,71,714,6,4,60,0.629166667,1450,0.875,0,0,0.219262295,0,0,22.63934426,9,2.2131,2
org.apache.xalan.xsltc.compiler.Parser,76,1,0,97,204,2562,87,23,59,0.933777778,3281,1,9,0,0.093421053,0,0,41.77631579,13,2.25,1
org.apache.xalan.xsltc.compiler.Mode,31,1,0,41,146,327,4,39,12,0.853968254,3077,1,7,0,0.163306452,0,0,97.58064516,41,5.6452,0
org.apache.xalan.lib.ExsltDynamic,7,2,0,16,43,21,1,15,7,1.166666667,682,0,0,0.25,0.642857143,0,0,96.28571429,1,0.8571,1
org.apache.xalan.templates.TemplateSubPatternAssociation,15,1,0,7,25,49,2,5,12,0.833333333,139,0.833333333,3,0,0.208333333,0,0,7.866666667,6,1.2667,0
org.apache.xalan.templates.AVTPartXPath,7,2,0,13,20,0,1,12,7,0,74,1,1,0.5,0.25974026,0,0,9.428571429,1,0.7143,1
org.apache.xpath.operations.UnaryOperation,11,2,4,11,20,0,6,6,11,0.2,88,1,1,0.75,0.227272727,1,7,6.909090909,3,1.3636,0
org.apache.xalan.xslt.StylesheetRoot,15,5,0,20,56,0,4,19,15,0.535714286,406,1,1,0.954063604,0.193939394,0,0,25.93333333,2,0.9333,0
org.apache.xalan.processor.ProcessorGlobalParamDecl,3,5,0,6,10,3,1,5,1,2,30,0,0,0.990697674,0.583333333,1,2,9,1,0.6667,0
org.apache.xalan.xsltc.compiler.util.NamedMethodGenerator,3,5,0,5,6,1,1,4,2,0.5,28,1,0,0.992805755,0.625,2,3,8,2,0.6667,1
org.apache.xpath.axes.DescendantIterator,9,5,0,11,42,0,2,9,8,0.583333333,423,1,1,0.946969697,0.277777778,3,11,45.66666667,14,2.7778,2
org.apache.xalan.xpath.XBoolean,8,2,1,5,17,0,3,2,8,0,47,0,1,0.740740741,0.416666667,1,1,4.75,1,0.875,0
org.apache.xalan.processor.ProcessorTemplate,2,5,0,6,8,1,1,5,0,2,19,0,0,0.995327103,0.666666667,1,1,8.5,1,0.5,0
org.apache.xpath.functions.FuncSubstringAfter,2,5,0,6,8,1,0,6,2,2,34,0,0,0.98245614,0.75,1,6,16,1,0.5,1
org.apache.xalan.xsltc.compiler.IdPattern,1,6,0,1,2,0,1,1,1,2,6,0,0,1,1,0,0,5,0,0,0
org.apache.xml.utils.Context2,12,1,0,1,26,0,1,0,0,0.681818182,365,0.5,2,0,0.409090909,0,0,28.58333333,10,2.5,0
org.apache.xalan.xsltc.compiler.AbsoluteLocationPath,7,3,0,19,28,0,1,18,7,0,143,1,1,0.934210526,0.285714286,2,7,19.28571429,2,1.1429,0
org.apache.xpath.res.XPATHErrorResources_ja,3,4,0,1,4,1,0,1,2,1.428571429,1872,0,0,0.976190476,1,0,0,618.3333333,1,0.3333,1
org.apache.xalan.transformer.StackGuard,7,1,0,8,19,0,3,7,5,0.5,157,0,1,0,0.458333333,0,0,21.14285714,4,1.4286,0
org.apache.xml.utils.DOMOrder,1,1,0,1,1,0,1,0,1,2,1,0,0,0,1,0,0,0,1,1,0
org.apache.xml.serializer.EncodingInfo,1,1,0,1,2,0,1,0,1,2,16,0,0,0,1,0,0,12,0,0,0
org.apache.xalan.xsltc.dom.EmptyFilter,2,1,0,1,3,1,0,1,2,2,7,0,0,0,0.75,0,0,2.5,1,0.5,0
org.apache.xpath.functions.FuncCeiling,2,4,0,5,7,1,0,5,2,2,15,0,0,0.979591837,0.75,1,6,6.5,1,0.5,1
org.apache.xalan.templates.AVTPart,6,1,2,7,7,15,3,4,6,2,12,0,0,0,0.361111111,0,0,1,1,0.8333,1
org.apache.xalan.xsltc.runtime.Attributes,7,1,0,1,8,21,0,1,7,1,30,1,1,0,0.5,0,0,3,1,0.8571,0
org.apache.xalan.transformer.NodeSorter,4,1,0,9,28,2,2,8,2,0.333333333,475,0,1,0,0.583333333,0,0,117.25,1,0.75,2
org.apache.xpath.domapi.XPathResultImpl,15,1,0,4,40,35,1,3,12,0.773809524,573,1,1,0,0.255555556,0,0,36.8,5,1.4667,1
org.apache.xalan.templates.XUnresolvedVariableSimple,4,3,0,6,15,6,1,5,4,2,39,0,0,0.959459459,0.5,2,12,8.75,1,0.75,0
org.apache.xalan.xsltc.compiler.BooleanExpr,7,3,0,17,16,1,1,16,7,0.333333333,70,1,0,0.922077922,0.371428571,2,8,8.857142857,2,1.1429,0
org.apache.xalan.templates.AbsPathChecker,4,2,0,8,6,0,1,7,4,0,37,1,0,0.8,0.45,0,0,8,3,1.25,0
org.apache.xpath.res.XPATHErrorResources_de,3,4,0,1,4,1,0,1,2,1.428571429,1872,0,0,0.976190476,1,0,0,618.3333333,1,0.3333,1
org.apache.xalan.extensions.ExtensionHandlerJava,3,2,2,3,7,0,2,1,2,0.5,32,1,0,0.75,0.666666667,0,0,9,1,0.6667,1
org.apache.xalan.xsltc.trax.Util,5,1,0,6,27,10,2,4,5,2,149,0,0,0,0.3,0,0,28.8,1,0.8,3
org.apache.xpath.axes.OneStepIteratorForward,6,7,1,8,16,0,3,6,4,0.2,94,1,0,0.97080292,0.4,4,10,14.5,3,1.1667,1
org.apache.xpath.objects.XNull,8,5,0,5,10,28,2,3,8,2,31,0,0,0.951048951,0.416666667,3,19,2.875,2,1,1
org.apache.xalan.templates.ElemOtherwise,3,3,0,1,4,3,0,1,3,2,10,0,0,0.98989899,1,2,4,2.333333333,1,0.6667,1
org.apache.xpath.domapi.XPathExpressionImpl,2,1,0,7,16,0,1,6,1,0.333333333,137,1,2,0,0.583333333,0,0,66,1,0.5,1
org.apache.xalan.trace.TraceListenerEx,1,1,0,4,1,0,2,2,1,2,1,0,0,0,1,0,0,0,1,1,1
org.apache.xalan.xpath.xml.XMLParserLiaisonDefault,1,4,1,3,2,0,2,1,1,2,4,0,0,1,1,0,0,3,0,0,0
org.apache.xpath.functions.FuncPosition,5,3,0,9,17,8,1,8,5,0.5,92,1,0,0.904761905,0.4,1,6,17.2,8,2.4,1
org.apache.xpath.res.XPATHErrorResources_es,3,4,0,1,4,1,0,1,2,1.428571429,1872,0,0,0.976190476,1,0,0,618.3333333,1,0.3333,1
org.apache.xpath.res.XPATHErrorResources_en,1,4,0,1,2,0,0,1,1,2,4,0,0,1,1,0,0,3,0,0,1
org.apache.xalan.xsltc.runtime.output.OutputBuffer,4,1,0,2,4,6,2,0,4,2,4,0,0,0,0.4,0,0,0,1,1,0
org.apache.xalan.extensions.ExtensionHandler,9,1,3,12,18,34,7,5,6,0.95,92,0.8,0,0,0.319444444,0,0,8.666666667,1,0.7778,1
org.apache.xml.dtm.ref.NodeLocator,6,1,0,1,11,0,1,0,6,0.65,57,1,0,0,0.444444444,0,0,7.833333333,1,0.8333,0
org.apache.xml.dtm.DTMFilter,2,1,0,6,2,1,6,0,2,2,17,0,0,0,1,0,0,0,1,1,0
org.apache.xalan.extensions.ExtensionHandlerExsltFunction,9,2,0,15,33,28,0,15,7,0.625,221,1,2,0.461538462,0.325,1,1,23.22222222,8,2.2222,1
org.apache.xalan.xsltc.compiler.NumberCall,3,4,0,11,15,3,0,11,3,2,59,0,0,0.979591837,0.444444444,3,13,18.66666667,3,1.3333,0
org.apache.xalan.processor.ProcessorNamespaceAlias,2,4,0,6,17,1,1,5,1,2,65,0,0,0.995260664,0.625,3,4,31.5,1,0.5,0
org.apache.xalan.xsltc.compiler.util.MultiHashtable,3,3,0,2,11,3,2,0,3,2,61,0,0,0.95,0.833333333,1,2,19.33333333,5,2.3333,0
org.apache.xpath.objects.LessThanOrEqualComparator,3,2,0,3,5,3,1,2,0,2,24,0,0,0.5,0.555555556,0,0,7,2,1.3333,0
org.apache.xpath.res.XPATHErrorResources_fr,3,4,0,1,4,1,0,1,2,1.428571429,1872,0,0,0.976190476,1,0,0,618.3333333,1,0.3333,1
org.apache.xalan.templates.FuncDocument,8,5,0,16,67,28,1,15,6,2,551,0,0,0.888888889,0.475,3,8,67.875,1,0.875,2
org.apache.xpath.functions.FuncRound,2,4,0,5,7,1,0,5,2,2,17,0,0,0.979591837,0.75,1,6,7.5,1,0.5,2
org.apache.xalan.transformer.XalanProperties,1,1,0,0,2,0,0,0,1,2,5,0,0,0,1,0,0,3,0,0,0
org.apache.xalan.xsltc.runtime.Operators,1,1,0,3,1,0,3,0,0,2,36,0,0,0,0,0,0,28,0,0,0
org.apache.xalan.trace.TraceListenerEx2,1,1,0,4,1,0,2,2,1,2,1,0,0,0,1,0,0,0,1,1,1
org.apache.xalan.xsltc.compiler.Copy,5,3,0,28,42,4,0,28,4,0.5,253,1,1,0.933333333,0.333333333,1,6,49.4,4,1.6,1
org.apache.xalan.xsltc.compiler.util.RtMethodGenerator,5,5,0,7,8,6,0,7,5,0.916666667,41,1,0,0.971830986,0.325,1,2,6.6,1,0.8,0
org.apache.xalan.xsltc.dom.StripWhitespaceFilter,1,1,0,1,1,0,0,1,1,2,1,0,0,0,1,0,0,0,1,1,0
org.apache.xalan.xsltc.compiler.UnaryOpExpr,6,3,0,13,28,0,0,13,6,0,101,1,1,0.934210526,0.305555556,2,8,15.66666667,1,0.8333,0
org.apache.xalan.xsltc.runtime.TransletLoader,3,1,0,6,11,0,6,0,3,0,38,0,0,0,0.833333333,0,0,11.33333333,1,0.6667,0
org.apache.xpath.ExpressionOwner,2,1,0,55,2,1,54,1,2,2,2,0,0,0,0.75,0,0,0,1,1,0
org.apache.xml.dtm.ref.sax2dtm.SAX2DTM,74,4,2,25,188,2227,5,21,64,0.907106164,2452,0.9375,11,0.56969697,0.134246575,2,20,31.7027027,13,2.2973,0
org.apache.xalan.extensions.ExpressionContext,7,1,0,17,7,21,15,3,7,2,7,0,0,0,0.476190476,0,0,0,1,1,0
org.apache.xalan.templates.ElemWhen,7,3,0,9,16,9,1,8,6,0.5,55,1,1,0.97029703,0.314285714,2,5,6.714285714,2,1,1
org.apache.xalan.xsltc.dom.NodeIteratorBase,11,1,0,2,18,19,0,2,9,0.75,138,1,0,0,0.424242424,0,0,11,3,1.2727,0
org.apache.xpath.XPath,17,1,0,62,64,78,47,15,17,0.96875,462,0.2,1,0,0.219607843,0,0,25.58823529,2,0.9412,1
org.apache.xalan.transformer.MsgMgr,12,1,0,12,20,46,11,2,12,0,176,1,1,0,0.489583333,0,0,13.58333333,1,0.9167,1
org.apache.xalan.transformer.NumeratorFormatter,4,1,0,3,11,4,1,3,0,1.095238095,357,0.428571429,3,0,0.428571429,0,0,86.5,7,3.5,1
org.apache.xml.dtm.ref.sax2dtm.SAX2DTM2,35,5,1,34,107,213,20,14,26,0.804812834,2248,1,2,0.83919598,0.200980392,2,33,62.6,20,3.6286,2
org.apache.xalan.xslt.XSLProcessorContext,1,2,0,5,3,0,0,5,1,2,7,0,0,1,1,0,0,6,0,0,0
org.apache.xalan.templates.FuncKey,3,5,0,14,33,1,0,14,2,0.5,177,1,0,0.98245614,0.75,1,7,57.66666667,1,0.3333,1
org.apache.xml.serializer.WriterToUTF8Buffered,10,2,0,1,17,0,1,0,8,0.444444444,588,1,0,0.590909091,0.36,1,2,57.4,1,0.9,1
org.apache.xalan.xsltc.compiler.Instruction,3,2,26,36,9,3,28,8,2,2,24,0,0,0.964285714,0.5,1,2,7,1,0.6667,0
org.w3c.dom.xpath.XPathNSResolver,1,1,0,0,1,0,0,0,1,2,1,0,0,0,1,0,0,0,1,1,0
org.apache.xalan.client.XSLTProcessorApplet,29,5,0,2,74,300,1,2,21,0.879251701,782,0.857142857,1,0.94214876,0.344827586,3,5,25.24137931,10,1.5172,2
org.apache.xalan.xslt.Process,7,1,0,8,109,21,0,8,2,2,2034,0,0,0,0.2,0,0,289.5714286,138,20.4286,2
org.apache.xalan.xslt.StylesheetHandler,2,2,0,7,9,1,0,7,2,2,39,0,0,1,0.75,0,0,18.5,0,0,0
org.apache.xml.serializer.ExtendedLexicalHandler,1,1,0,1,1,0,1,0,1,2,1,0,0,0,1,0,0,0,1,1,0
org.w3c.dom.xpath.XPathNamespace,1,1,0,0,1,0,0,0,1,2,2,0,0,0,1,0,0,0,1,1,0
org.apache.xalan.xsltc.compiler.LiteralAttribute,5,3,0,18,24,0,2,16,4,0.25,84,1,1,0.933333333,0.314285714,1,4,15.4,1,0.8,0
org.apache.xalan.xpath.XRTreeFrag,9,2,0,3,22,0,0,3,9,0.5,67,0,2,0.714285714,0.407407407,1,1,6.222222222,1,0.8889,0
org.apache.xalan.xsltc.compiler.AlternativePattern,8,4,0,15,27,0,1,14,8,0.142857143,135,1,2,0.925531915,0.270833333,2,3,15.625,2,1,0
org.apache.xalan.lib.ExsltBase,3,1,4,5,14,3,4,1,1,2,62,0,0,0,0.5,0,0,19.66666667,4,1.6667,0
org.apache.xalan.transformer.KeyManager,2,1,0,10,14,0,2,8,2,0,104,1,0,0,0.583333333,0,0,50.5,1,0.5,0
org.apache.xalan.xsltc.compiler.Param,6,4,0,33,62,3,8,29,5,2,369,0,0,0.938271605,0.305555556,3,16,60.5,7,2.8333,2
org.apache.xml.utils.NodeConsumer,1,1,0,3,1,0,3,0,1,2,1,0,0,0,1,0,0,0,1,1,0
org.apache.xalan.xsltc.compiler.Otherwise,4,3,0,11,12,6,2,10,3,2,43,0,0,0.949152542,0.4,1,4,9.75,1,0.75,0
org.apache.xpath.XPathVisitable,1,1,0,3,1,0,1,2,1,2,1,0,0,0,1,0,0,0,1,1,0
org.apache.xalan.transformer.KeyIterator,4,8,0,9,15,2,2,7,3,0.333333333,97,1,1,0.978571429,0.4375,2,2,22.75,4,1.5,1
org.apache.xpath.operations.Neg,3,3,0,6,7,3,1,5,3,2,19,0,0,0.952380952,0.555555556,1,1,5.333333333,1,0.6667,0
org.apache.xml.dtm.ref.DTMNodeIterator,9,1,0,11,19,0,7,4,9,0.5,106,1,1,0,0.555555556,0,0,10.55555556,3,1.1111,0
org.apache.xpath.functions.FuncFloor,2,4,0,5,7,1,0,5,2,2,15,0,0,0.979591837,0.75,1,6,6.5,1,0.5,1
org.apache.xalan.lib.ExsltCommon,3,1,0,6,6,3,0,6,3,2,41,0,0,0,0.444444444,0,0,12.66666667,6,2.3333,2
org.apache.xalan.xsltc.compiler.ParentLocationPath,11,4,0,20,42,0,2,19,11,0.64,380,1,3,0.879518072,0.204545455,2,7,33.09090909,35,4.8182,0
org.apache.xpath.VariableStack,22,1,0,25,42,0,18,9,21,0.682539683,476,0.333333333,2,0,0.365079365,0,0,20.36363636,3,1,2
org.apache.xpath.axes.OneStepIterator,14,7,0,12,41,7,3,10,10,0.346153846,330,1,1,0.917241379,0.273809524,4,18,22.42857143,9,2.2857,1
org.apache.xml.serializer.Encodings,11,1,0,7,51,31,5,2,8,0.927272727,489,0.454545455,1,0,0.3,0,0,42.45454545,15,3.4545,0
org.apache.xalan.xsltc.trax.TransformerHandlerImpl,29,1,0,14,73,116,2,12,29,0.857142857,462,1,3,0,0.237068966,0,0,14.51724138,2,1,0
org.apache.xml.serializer.Method,1,1,0,0,2,0,0,0,1,2,9,0,0,0,1,0,0,3,0,0,0
org.apache.xalan.templates.ElemVariable,22,3,3,35,70,151,18,23,19,0.828571429,390,0.8,2,0.907407407,0.168181818,2,15,16.5,4,1.0909,2
org.apache.xml.serializer.ExtendedContentHandler,15,1,0,2,15,105,1,1,15,2,15,0,0,0,0.413333333,0,0,0,1,1,0
org.apache.xalan.xsltc.runtime.ErrorMessages,3,3,0,0,4,1,0,0,2,0.5,234,1,0,0.974358974,1,0,0,76.66666667,1,0.3333,2
org.apache.xml.utils.res.XResources_ja_JP_HA,3,4,0,1,4,1,0,1,2,0.5,599,0,0,0.976190476,1,0,0,198.3333333,1,0.3333,1
org.apache.xalan.templates.ElemUnknown,2,5,0,2,3,1,0,2,2,2,6,0,0,0.995833333,0.75,1,1,2,1,0.5,2
org.apache.xml.utils.res.XResources_ja_JP_HI,3,4,0,1,4,1,0,1,2,0.5,595,0,0,0.976190476,1,0,0,197,1,0.3333,1
org.apache.xpath.XPathAPI,10,1,0,6,21,45,1,5,10,2,116,0,0,0,0.5,0,0,10.6,1,0.9,0
org.apache.xalan.xsltc.compiler.SymbolTable,25,1,0,91,48,214,89,9,24,0.891666667,494,1,1,0,0.185454545,0,0,18.36,5,2.2,0
org.apache.xpath.compiler.FuncLoader,3,1,0,3,11,0,2,1,3,0.5,64,1,0,0,0.555555556,0,0,19.66666667,1,0.6667,1
org.apache.xalan.res.XSLMessages,4,3,0,68,7,0,67,1,3,0.833333333,40,1,0,0.818181818,0.555555556,0,0,8.5,3,1.5,1
org.apache.xalan.xsltc.compiler.GenerateIdCall,2,4,0,10,12,1,0,10,2,2,39,0,0,0.989690722,0.6,2,4,18.5,2,1,0
org.apache.xalan.trace.TracerEvent,3,1,0,7,15,3,4,3,3,1,183,0,3,0,0.388888889,0,0,58.66666667,5,3.3333,1
org.apache.xpath.operations.Div,3,3,0,7,7,3,2,5,3,2,25,0,0,0.953488372,0.555555556,1,1,7.333333333,1,0.6667,0
org.apache.xalan.xsltc.compiler.Sort,18,3,0,59,109,93,2,59,13,0.847058824,1436,0.8,4,0.767123288,0.232323232,1,4,78.22222222,9,3.0556,3
org.apache.xalan.templates.ElemElement,13,4,1,15,51,30,2,13,9,0.583333333,390,1,2,0.943925234,0.230769231,2,6,28.84615385,8,1.6923,3
org.apache.xpath.axes.HasPositionalPredChecker,4,2,0,17,7,0,1,16,4,0.166666667,93,1,0,0.8,0.4,0,0,21.75,12,4,0
org.apache.xalan.xsltc.compiler.util.NodeCounterGenerator,4,4,0,5,6,4,1,4,4,0.666666667,26,1,0,0.964285714,0.45,0,0,5.25,1,0.75,0
org.apache.xpath.functions.WrongNumberArgsException,1,3,0,12,2,0,12,0,1,2,5,0,0,1,1,0,0,4,0,0,1
org.apache.xalan.xslt.EnvironmentCheck,22,1,0,1,78,219,1,0,5,0.972789116,2461,0.142857143,0,0,0.227513228,0,0,110.2272727,8,3.4091,1
org.apache.xalan.xsltc.dom.DOMBuilder,0,1,0,5,0,0,4,1,0,2,0,0,0,0,0,0,0,0,0,0,0
org.apache.xalan.processor.ProcessorLRE,4,5,0,17,77,6,1,17,3,2,472,0,0,0.986111111,0.5,4,6,117,3,1.25,1
org.apache.xpath.axes.FilterExprIterator,14,6,0,11,32,0,1,11,11,0.730769231,163,1,2,0.914285714,0.234693878,4,8,10.35714286,3,1.2143,0
org.apache.xpath.res.XPATHMessages,5,2,1,2,13,4,1,1,4,0.875,115,1,0,0.666666667,0.5,0,0,21.6,7,2.6,1
org.apache.xpath.Expression,31,1,6,103,56,435,95,9,30,0.8,275,1,1,0,0.190615836,0,0,7.838709677,3,1.2903,1
